Country.Name,age_dependency,co2_kt,f_labor_force,f_lifeexp,f_net_enrollment,f_out_school,f_pop,fertility_rate,gdp_energy_perunit,gdp_ppp_current,gini_index,m_lifeexp,m_pop,pop_density,pop_growth,pop_largest_city,pop_largest_city_perc,pop_lifeexp,pop_total,pop_w_electric,rural_pop,urban_pop,Region,Income.Group
Afghanistan,100.22446079515,12240.446,NA,63,NA,NA,48.815783003393,5.77,NA,48993947132.3454,NA,60.19,51.184216996607,46.1315029255889,3.14312590262153,3371653,46.7472386204097,61.553,30117413,43.2220189082037,76.052,23.948,South Asia,Low income
Albania,48.1180582286677,5240.143,52.4898986816406,79.554,88.24009,9.78291,49.5302023047865,1.673,13.3440145467127,29655511080.3671,NA,74.552,50.4697976952135,106.02901459854,-0.269017331764615,416504,26.9245711988074,76.914,2905195,100,46.753,53.247,Europe & Central Asia,Upper middle income
Algeria,49.2130947282274,121187.016,NA,76.403,NA,NA,49.5229537913925,2.909,11.4375240783477,478289909836.429,27.6,74.036,50.4770462086075,15.3927145700202,1.88331383359771,2463271,9.84666279425861,75.199,36661444,99.0760803222656,31.764,68.236,Middle East & North Africa,Upper middle income
American Samoa,NA,NA,NA,NA,NA,NA,NA,NA,NA,NA,NA,NA,NA,278.795,-0.572257860972145,NA,NA,NA,55759,NA,12.498,87.502,East Asia & Pacific,Upper middle income
Andorra,NA,491.378,NA,NA,NA,NA,NA,NA,NA,NA,NA,NA,NA,178.185106382979,-0.834745268940163,NA,NA,NA,83747,100,11.274,88.726,Europe & Central Asia,High income
Angola,97.9882992271964,30340.758,85.5699996948242,59.052,71.48141,28.51859,50.5594645232624,6.12,12.1629553353575,153713884832.921,NA,53.79,49.4405354767376,19.427818240154,3.63415862558996,5644022,38.4987273778226,56.33,24220661,34.6,39.472,60.528,Sub-Saharan Africa,Lower middle income
Antigua and Barbuda,46.0124004122564,513.38,NA,77.246,NA,NA,52.0862745098039,1.989,NA,1774011846.21298,NA,74.589,47.9137254901961,202.847727272727,1.38200878529188,NA,NA,75.956,89253,94.5520140336941,74.297,25.703,Latin America & Caribbean,High income
Argentina,56.5417481310706,191633.753,48.2387008666992,78.806,NA,NA,51.3284508654385,2.338,10.1521168961193,817697534663.575,42.7,71.995,48.6715491345615,15.0771515955406,1.15305928006388,14364449,38.2604784860788,75.439,41261490,99.3411865234375,9.01000000000001,90.99,Latin America & Caribbean,Upper middle income
Armenia,43.4816830705323,4917.447,51.1763000488281,76.629,95.76167,4.23833,53.1941195938448,1.724,7.43587664887042,20192628679.6198,29.4,70.222,46.8058804061552,101.03751317176,-0.0271470078174168,1061337,58.2512394353674,73.572,2876538,99.8926162719727,36.66,63.34,Europe & Central Asia,Upper middle income
Aruba,45.1682196457785,2500.894,58.7999992370605,77.561,NA,NA,52.3292503674669,1.779,NA,3621879746.15775,NA,72.654,47.6707496325331,566.922222222222,0.370125351972654,NA,NA,75.158,102046,100,57.06,42.94,Latin America & Caribbean,High income
Australia,48.5137538612537,391818.95,58.8628997802734,84.2,98.10016,1.89984,50.0122770421264,1.926,7.30437988134957,937507114248.881,NA,79.7,49.9877229578736,2.90798641031983,1.38952731561803,4233904,22.2181733455639,81.8951219512195,22340024,100,14.7,85.3,East Asia & Pacific,High income
Austria,48.3132363176456,65019.577,54.5121002197266,83.8,87.88016,2.90424,51.2299460306446,1.43,11.334487598645,373031463577.163,30.8,78.3,48.7700539693554,101.6417363772,0.337080841831645,1751030,36.5339303847556,80.9829268292683,8391643,100,42.885,57.115,Europe & Central Asia,High income
Azerbaijan,39.7110004866158,33446.707,NA,74.353,85.96543,11.25271,50.4084667455403,1.96,11.5048313944952,144514131462.76,NA,68.126,49.5915332544597,110.976338851057,1.30300085487651,2104671,42.7764225841161,71.234,9173082,99.9,46.363,53.637,Europe & Central Asia,Upper middle income
"Bahamas, The",48.4364873288392,1866.503,69.9899978637695,74.67,85.81722,11.38873,51.5352505541141,1.847,NA,10608854836.1335,NA,69.799,48.4647494458859,35.9217782217782,1.29739447507203,NA,NA,72.263,359577,100,17.524,82.476,Latin America & Caribbean,High income
Bahrain,29.0296561533717,28650.271,42.5400009155273,77.24,92.98872,6.56809,37.7197409073875,2.139,4.05220390631008,51341188465.1221,NA,75.406,62.2802590926125,1666.42901024169,2.96098147299132,317239,27.983709343928,76.2,1278151,100,11.305,88.695,Middle East & North Africa,High income
Bangladesh,56.950387836494,63413.431,NA,71.721,NA,NA,49.2141070743514,2.273,12.5000603104995,395684471605.039,NA,68.996,50.7858929256486,1146.76022124914,1.14426212709209,15263828,32.7474504425879,70.256,149273778,59.6,68.775,31.225,South Asia,Lower middle income
Barbados,49.0998277106593,1529.139,63.0400009155273,79.88,93.92116,4.11242,51.9847201461551,1.665,NA,4618909123.11545,NA,76.931,48.0152798538449,658.109302325581,0.302945811200443,NA,NA,78.456,282987,100,68.3,31.7,Latin America & Caribbean,High income
Belarus,40.8898790016915,64062.49,NA,76.7,NA,NA,53.5153042128379,1.515,5.54183298051221,162623060502.26,27.2,64.7,46.4846957871621,46.6865704006702,-0.18362402269138,1868657,26.2352743465284,70.5536585365854,9473172,100,24.812,75.188,Europe & Central Asia,Upper middle income
Belgium,52.3287119230453,99944.085,47.0318984985352,83.3,97.86878,1.40362,50.8921758584184,1.81,8.0400296309306,451932718764.387,28.1,78,49.1078241415816,364.539762219287,1.3010029017038,1941332,18.0016937800365,80.5853658536585,11038264,100,2.30200000000001,97.698,Europe & Central Asia,High income
Belize,63.9519816505563,601.388,NA,75.215,97.06866,2.87563,50.000908441236,2.638,NA,2540960748.74954,NA,70.152,49.999091558764,14.477729066199,2.38190764115631,NA,NA,72.57,330237,91.6817359855335,54.772,45.228,Latin America & Caribbean,Upper middle income
Benin,88.6136399159168,5295.148,69.6992034912109,60.997,NA,NA,50.3044923441698,5.305,4.58926767377526,17227124154.8024,43.4,58.135,49.6955076558302,83.9023589925505,2.80371797256655,676685,16.4017850152666,59.59,9460830,36.9,56.392,43.608,Sub-Saharan Africa,Low income
Bermuda,NA,443.707,NA,85.03,96.95572,2.99815,NA,1.59,NA,3550019929.12843,NA,77.46,NA,1195.62960851405,-0.8598980406609,NA,NA,81.1526829268293,64564,100,0,100,North America,High income
Bhutan,55.3455793714457,733.4,62.8400001525879,69.043,90.50276,9.49724,47.4513808656319,2.224,NA,5039821055.27253,NA,68.619,52.5486191343681,18.1886824482827,1.13070458298015,NA,NA,68.84,693298,81.7524795532227,64.415,35.585,South Asia,Lower middle income
Bolivia,67.5525956414145,16145.801,62.1013984680176,71.091,92.09501,7.49365,49.6920527671189,3.143,8.35823165062885,56423688731.6456,46.1,66.078,50.3079472328811,9.427632234838,1.62245883675043,1657342,24.2662937524918,68.521,10212954,88.335943,33.126,66.874,Latin America & Caribbean,Lower middle income
Bosnia and Herzegovina,42.3392044314713,23886.838,32.6487998962402,78.649,NA,NA,50.9075643243299,1.315,5.11166078238503,36525637926.8929,33,73.699,49.0924356756701,71.50732421875,-1.20265119026615,342101,20.3671069505154,76.219,3661175,99.705780546902,54.122,45.878,Europe & Central Asia,Upper middle income
Botswana,62.093068706514,4176.713,NA,64.35,NA,NA,51.2044223347554,3.017,13.478338180781,27890347804.021,NA,59.412,48.7955776652446,3.55619430769502,1.41398735663603,NA,NA,61.91,2015402,53.24,36.135,63.865,Sub-Saharan Africa,Upper middle income
Brazil,45.6573642240306,439412.943,54.0606002807617,77.658,95.40211,4.2696,50.6946751834337,1.781,11.0167380872889,2974954665057.21,52.9,70.265,49.3053248165663,23.6313981340346,0.915962656318059,19901875,11.9059886416203,73.921,197514534,99.328691,15.369,84.631,Latin America & Caribbean,Upper middle income
British Virgin Islands,NA,176.016,NA,NA,NA,NA,NA,NA,NA,NA,NA,NA,NA,188.793333333333,1.8712787403227,NA,NA,NA,28319,98.8490142822266,54.846,45.154,Latin America & Caribbean,High income
Brunei Darussalam,40.7506453204436,9695.548,56.4000015258789,76.022,NA,NA,48.2474656262462,1.957,8.38662020466465,32480415591.3426,NA,73.746,51.7525343737538,74.703605313093000,1.28898138374766,NA,NA,74.852,393688,100,24.69,75.31,East Asia & Pacific,High income
Bulgaria,47.2212232720159,49346.819,47.2000007629395,77.8,NA,NA,51.3082470890347,1.51,5.98982324120323,115193369520.725,34.3,70.7,48.6917529109653,67.6890935887988,-0.641228920515067,1226323,22.974840370663,74.1634146341463,7348328,100,27.362,72.638,Europe & Central Asia,Upper middle income
Burkina Faso,94.7165322297479,2211.201,NA,58.284,62.77919,37.10891,50.3700025774294,5.781,NA,23684085089.3575,NA,57.105,49.6299974225706,58.7789144736842,3.00898185476176,1825349,45.0481219388558,57.761,16081911,15.7603559494019,74.804,25.196,Sub-Saharan Africa,Low income
Burundi,89.7905851780652,242.022,NA,59.677,NA,NA,50.5553331697626,6.088,NA,6622226209.07379,NA,56.149,49.4446668302374,348.847585669782,3.20775911368308,590719,60.4124523169123,57.925,8958406,6.16447401046753,89.085,10.915,Sub-Saharan Africa,Low income
Cabo Verde,58.0303543879546,616.056,NA,74.732,92.24222,7.75778,49.9322452481468,2.539,NA,3044224922.25246,NA,67.511,50.0677547518532,123.785607940447,1.25103748607776,NA,NA,71.243,498856,79.4847030639648,37.678,62.322,Sub-Saharan Africa,Lower middle income
Cambodia,58.0216216321949,5207.14,81.8380966186523,69.072,NA,NA,51.2633256405959,2.804,6.97210885597581,38652011936.303,NA,64.842,48.7366743594041,82.3783310673012,1.58881764258388,1570791,52.2779025085416,67.043,14541423,48.0620574951172,79.337,20.663,East Asia & Pacific,Lower middle income
Cameroon,86.8091057428393,5768.191,NA,56.844,82.91874,16.6497,50.0710691734853,5.049,9.07412690111033,60926183398.9526,NA,54.323,49.9289308265147,44.2266675128514,2.74043566616731,2482205,22.7608126021034,55.581,20906388,53.7,47.836,52.164,Sub-Saharan Africa,Lower middle income
Canada,44.6476337433392,537112.824,62.157299041748,83.6,NA,NA,50.3897373751692,1.61,5.25427071922064,1427466965184.4,NA,79.4,49.6102626248308,3.77624569610634,0.978697786570341,5592607,20.0827454327576,81.4487804878049,34339328,100,18.904,81.096,North America,High income
Cayman Islands,NA,586.72,77.5599975585938,NA,NA,NA,NA,NA,NA,3638279419.07814,NA,NA,NA,241.158333333333,2.10570853156754,NA,NA,NA,57878,100,0,100,Latin America & Caribbean,High income
Central African Republic,90.2290255114737,278.692,NA,49.484,56.00476,43.99524,50.4831012445235,5.172,NA,4490299877.39254,NA,46.406,49.5168987554765,7.09274134001092,0.723831391239342,732380,42.3528813063364,47.95,4418636,13.2012872695923,60.865,39.135,Sub-Saharan Africa,Low income
Chad,104.936552679563,539.049,NA,52.759,54.04668,45.86638,50.1128388948907,6.482,NA,22904148162.6154,43.3,50.105,49.8871611051093,9.816541454892,3.36354578351995,1027010,37.6733295599233,51.424,12360989,6.64964628219604,77.946,22.054,Sub-Saharan Africa,Low income
Channel Islands,45.4389419863051,NA,NA,83.931,NA,NA,50.7006646375551,1.586,NA,NA,NA,79.36,49.2993353624449,813.121243452642,0.788201079993144,NA,NA,81.688,160998,NA,68.909,31.091,Europe & Central Asia,High income
Chile,45.5512574902593,79243.87,47.4565010070801,81.841,94.77191,3.65164,50.7876423151447,1.87,10.4308126302935,350575241993.673,47.6,75.981,49.2123576848553,23.1779873303205,0.997439115198244,6319294,42.0838522534591,78.986,17233576,99.588193,12.868,87.132,Latin America & Caribbean,High income
China,36.5541919887164,9733538.12,NA,76.926,NA,NA,48.6130617995767,1.632,4.96312519086168,13919132452224.7,42.4,72.72,51.3869382004233,143.172108531324,0.47915045424996,20947904,3.08541320712315,74.708,1344130000,99.874641418457,49.489,50.511,East Asia & Pacific,Upper middle income
Colombia,50.1844963350859,76530.29,56.1888999938965,78.598,NA,2.86143,51.0013666063498,1.958,17.0225725948557,531984212804.645,53.5,72.689,48.9986333936502,41.1564659756647,0.969133685944809,8661212,24.2134924140323,75.655,45663099,96.6936,21.665,78.335,Latin America & Caribbean,Upper middle income
Comoros,77.9914250015115,135.679,NA,63.892,NA,NA,49.5897126714956,4.693,NA,1741922162.23012,NA,60.636,50.4102873285044,379.671669439376,2.41757407753107,NA,NA,62.24,706569,69.6596221923828,71.96,28.04,Sub-Saharan Africa,Lower middle income
"Congo, Dem. Rep.",97.1042905332138,2493.56,NA,58.853,NA,NA,50.1991958643012,6.493,2.15984660564402,45527503793.4675,NA,55.997,49.8008041356988,29.4458229858186,3.33767742162032,9788106,36.1649008511259,57.427,66755153,13.5906085968018,59.456,40.544,Sub-Saharan Africa,Low income
"Congo, Rep.",79.7995501374216,2258.872,NA,61.851,NA,NA,50.2135002805562,4.742,10.5382189928699,23529134688.7973,48.9,59.65,49.7864997194438,12.8692357247438,2.79448194095141,1645968,58.7836686793739,60.785,4394844,44.5839805603027,36.288,63.712,Sub-Saharan Africa,Lower middle income
Costa Rica,45.7331154978771,7741.037,44.1008987426758,81.414,NA,NA,49.9207008028774,1.869,13.240320133941,61633610781.5746,48.7,76.492,50.0792991971226,90.7380728554642,1.20968236400613,1220377,36.1482116457847,78.919,4633086,99.232348,27.132,72.868,Latin America & Caribbean,Upper middle income
Cote d'Ivoire,86.1635185048458,7249.659,NA,55.007,NA,NA,49.2686216881615,5.029,4.50396678237617,52476906028.6953,NA,52.396,50.7313783118385,66.1278459119497,2.38551185504173,4063235,40.4648538305392,53.62,21028655,59.0359878540039,52.249,47.751,NA,NA
Croatia,49.8751105518454,19809.134,44.6069984436035,79.9,98.14661,1.56524,51.8510128914298,1.48,9.6912521991395,88795109766.8913,32.3,73.8,48.1489871085702,76.4943173695497,-0.345264228485821,688074,29.055633019526800,76.7756097560976,4280622,100,44.678,55.322,Europe & Central Asia,High income
Cuba,43.5425297951792,35987.938,41.5900001525879,80.398,98.49063,1.5061,50.2752194132942,1.668,NA,NA,NA,76.434,49.7247805867058,105.150241012994,0.0964986076887392,2135689,24.7837661260095,78.4,11236670,97.9286651611328,23.311,76.689,Latin America & Caribbean,Upper middle income
Curacao,51.0182626456806,NA,NA,80.7,NA,NA,54.1412523225811,2.1,1.73728685223983,4209371339.64245,NA,74.4,45.8587476774189,339.709459459459,1.42089766276671,NA,NA,77.4731707317073,150831,100,10.225,89.775,NA,NA
Cyprus,41.4085629625532,7425.675,57.4570007324219,81.841,NA,NA,50.0942803268385,1.406,11.9700649203202,28345855875.3433,32.6,77.415,49.9057196731615,121.735173160173,1.09241760447132,NA,NA,79.621,1124833,100,32.594,67.406,Europe & Central Asia,High income
Czech Republic,43.4416188213068,106907.718,49.4726982116699,81.1,89.15596,0.8547,50.884019248736,1.43,7.06276752538004,302260233093.211,26.4,74.8,49.115980751264,135.889280165717,0.206747667335417,1240639,16.150868794654,77.8731707317073,10496088,100,26.815,73.185,Europe & Central Asia,High income
Denmark,53.4748426286742,40645.028,59.6185989379883,81.9,98.3422,0.80414,50.3564404672773,1.75,13.746377738945,247352252302.688,27.3,77.8,49.6435595327227,131.288522271977,0.411737855195019,1206959,24.9165669213184,79.8,5570572,100,13.043,86.957,Europe & Central Asia,High income
Djibouti,56.2169353318682,473.043,NA,62.269,60.67932,39.16838,46.6151479902679,3.213,NA,NA,NA,59.191,53.3848520097321,36.8280414150129,1.59118095420693,493901,75.0752042561277,60.667,853674,55.9758987426758,22.936,77.064,Middle East & North Africa,Lower middle income
Dominica,NA,128.345,NA,NA,NA,NA,NA,NA,NA,726881582.869273,NA,NA,NA,94.5546666666667,0.0535988841696068,NA,NA,NA,70916,95.6564712524414,31.611,68.389,Latin America & Caribbean,Upper middle income
Dominican Republic,56.6579897057805,21228.263,43.7289009094238,75.513,93.52514,5.93337,49.8378055151933,2.481,14.8189496411861,113642553319.752,47.7,69.309,50.1621944848067,203.129993790106,1.21066679019397,2666160,36.3092067731537,72.284,9813210,97.898872,25.173,74.827,Latin America & Caribbean,Upper middle income
Ecuador,58.055588216204,38609.843,47.3293991088867,78.217,NA,NA,49.9106822178205,2.59,12.0887570566953,150664137576.237,45.9,72.483,50.0893177821795,61.3781728136576,1.53872478994252,2537659,26.4865540756834,75.289,15243883,96.872699,37.149,62.851,Latin America & Caribbean,Upper middle income
"Egypt, Arab Rep.",59.7643314394045,217163.407,22.3745002746582,72.787,NA,NA,49.4774217270658,3.311,11.0839176641573,843842460027.439,NA,68.391,50.5225782729342,84.9156160530413,2.11378528779055,17266860,47.5048433763592,70.543,84529250,99.8211517333984,57,43,Middle East & North Africa,Lower middle income
El Salvador,61.7773142264274,6648.271,46.5680999755859,75.955,95.58788,NA,52.7446527829102,2.224,9.39679310078794,40322935952.9289,42.3,66.696,47.2553472170898,299.737837837838,0.430725951435546,1088941,26.4360030773272,71.449,6210568,92.574686,33.675,66.325,Latin America & Caribbean,Lower middle income
Equatorial Guinea,69.9785557421522,6127.557,NA,57.203,46.40825,53.59175,45.3756912067657,5.126,NA,34166939303.2501,NA,54.855,54.6243087932343,35.1819251336898,4.4777414419273,244428,36.7005151597506,55.945,986853,66.1,32.512,67.488,Sub-Saharan Africa,Upper middle income
Eritrea,79.4192994100995,594.054,NA,64.82,63.78245,36.18488,50.0130835113842,4.486,8.89785251703151,6758835465.49469,NA,60.712,49.9869164886158,31.8215049504951,1.3638752942267,694486,60.4074212600137,62.732,3213972,40.9673194885254,64.229,35.771,Sub-Saharan Africa,Low income
Estonia,49.42764611656,18606.358,55.6795997619629,81.3,NA,NA,53.4048705243123,1.61,5.84770230880657,32895237685.6919,32.5,71.4,46.5951294756877,31.3149091766926,-0.303582823643979,393525,43.61866738196,76.2292682926829,1327439,100,32.035,67.965,Europe & Central Asia,High income
Eswatini,77.7919299467635,1048.762,NA,50.997,86.3634,9.91168,52.7169507541307,3.264,NA,8973785938.44059,NA,45.679,47.2830492458693,62.3274418604651,0.673417714475634,NA,NA,48.141,1072032,51.5047416687012,77.3,22.7,Sub-Saharan Africa,Lower middle income
Ethiopia,91.3566321579093,7726.369,NA,64.244,75.88535,23.90881,50.0887919502221,5.017,2.3745691709617,104704865663.231,NA,60.804,49.9112080497779,90.139927,2.81261034549877,3262895,20.4105498727787,62.505,90139927,23,82.265,17.735,Sub-Saharan Africa,Low income
Faroe Islands,NA,568.385,NA,83.4,NA,NA,NA,2.3,NA,NA,NA,78.5,NA,34.2571618260091,0.0188211675953241,NA,NA,80.890243902439,47823,100,58.912,41.088,Europe & Central Asia,High income
Fiji,51.3991439788327,1089.099,45.4555015563965,68.378,NA,NA,48.9800810931946,2.761,NA,6493459112.28588,NA,65.269,51.0199189068054,47.2604816639299,0.421409494112472,NA,NA,66.759,863449,89.9616012573242,47.317,52.683,East Asia & Pacific,Upper middle income
Finland,52.0227198730612,56816.498,55.7991981506348,83.8,98.56145,1.28035,50.8951888261971,1.83,6.25865839794252,220471055643.893,27.6,77.3,49.1048111738029,17.7309947678436,0.463558707499131,1146109,25.2279433873635,80.4707317073171,5388272,100,15.687,84.313,Europe & Central Asia,High income
France,55.3352475317806,331804.828,51.3277015686035,85.7,99.40517,0.05972,51.5531348950066,2.01,9.7322409175987,2446475413051,33.3,78.7,48.4468651049934,119.335121151416,0.483658695308374,10514232,20.4661364353036,82.1146341463415,65342780,100,21.378,78.622,Europe & Central Asia,High income
French Polynesia,46.2478966805795,832.409,NA,78.246,NA,NA,48.8741212243465,2.07,NA,NA,NA,73.694,51.1258787756535,73.1415300546448,0.465410563522679,NA,NA,75.844,267698,100,39.111,60.889,East Asia & Pacific,High income
Gabon,69.8183104810175,4972.452,NA,63.577,NA,NA,49.3105010064531,4.129,6.59106710281366,26972900729.6627,NA,60.734,50.6894989935469,6.53795552450809,3.6570478208309,667211,46.0038915120358,62.168,1684635,90.6316909790039,13.908,86.092,Sub-Saharan Africa,Upper middle income
"Gambia, The",91.2546257585416,447.374,NA,61.242,69.07389,30.92611,50.3781635826684,5.552,NA,4178750957.70949,NA,58.663,49.6218364173316,182.623221343874,3.01840128629255,398678,38.2586782514234,59.917,1848147,49.7283897399902,43.616,56.384,Sub-Saharan Africa,Low income
Georgia,47.6806713570874,7972.058,56.2577018737793,76.338,98.14018,1.85982,52.3391501911781,1.95,8.3702477812596,29667230017.7198,39.6,67.193,47.6608498088219,65.7203016200707,-0.802164039694326,1079181,51.3757733637252,71.773,3756441,99.5482940673828,44.081,55.919,Europe & Central Asia,Upper middle income
Germany,52.0097511222545,732497.918,54.0050010681152,83.1,NA,NA,50.9536138788803,1.39,10.9931657139359,3415020684916.05,30.5,77.9,49.0463861211197,230.304633348634,-1.8537146287573,3462944,5.59078802761574,80.4365853658537,80274983,100,22.84,77.16,Europe & Central Asia,High income
Ghana,72.2877417310203,9831.227,NA,62.31,92.20594,7.79406,49.4060926244124,4.234,10.8171891803627,85526138706.1051,NA,60.458,50.5939073755876,111.574712138525,2.42436978794571,2118385,16.235622053134,61.381,25387710,64.06256,48.606,51.394,Sub-Saharan Africa,Lower middle income
Gibraltar,NA,451.041,NA,NA,NA,NA,NA,NA,NA,NA,NA,NA,NA,3361.2,0.0803607347143847,NA,NA,NA,33612,100,0,100,Europe & Central Asia,High income
Greece,52.5494605428365,79841.591,43.7761001586914,83.6,96.08884,3.73224,50.909154374603,1.4,10.8570994975138,290296713794.743,34.8,78,49.090845625397,86.1512723041117,-0.147951277402184,3168576,37.2257129343121,80.7317073170732,11104899,100,23.351,76.649,Europe & Central Asia,High income
Greenland,NA,707.731,71.5042266845703,73.69,NA,NA,NA,2.117,NA,NA,NA,68.56,NA,0.138603971251066,-0.0263631971297131,NA,NA,71.0624390243902,56890,100,15.245,84.755,Europe & Central Asia,High income
Grenada,50.4995701864404,253.023,NA,75.361,NA,NA,49.4643492592662,2.217,NA,1179039532.53026,NA,70.396,50.5356507407338,314.105882352941,0.528567763802517,NA,NA,72.768,106796,88.8,64.141,35.859,Latin America & Caribbean,Upper middle income
Guam,52.9031022596706,NA,56.5,81.383,NA,NA,49.218485816269,2.469,NA,NA,NA,75.269,50.781514183731,295.725925925926,0.15541966429416,NA,NA,78.173,159692,100,5.812,94.188,East Asia & Pacific,High income
Guatemala,75.4502654910049,11837.076,40.2658004760742,75.047,NA,4.12587,50.8657689531034,3.292,9.38696021375844,102317687977.723,NA,68.615,49.1342310468966,139.499841358716,2.15285120398394,2594651,35.6397481009151,71.861,14948803,84.026414,51.299,48.701,Latin America & Caribbean,Upper middle income
Guinea,96.1080706115228,2779.586,NA,57.963,68.79723,30.90766,52.3098742579382,5.256,NA,17938333959.3527,NA,56.622,47.6901257420618,42.4079073742471,2.21518697126214,1555500,43.9479157160628,57.387,10420471,26.6871356964111,66.034,33.966,Sub-Saharan Africa,Low income
Guinea-Bissau,84.4559102426267,245.689,NA,57.405,NA,NA,51.4803620738633,4.987,NA,2354948198.33888,NA,52.76,48.5196379261367,55.5828236130868,2.61812705482067,424846,67.1018548937353,55.144,1562989,11.4876384735107,59.492,40.508,Sub-Saharan Africa,Low income
Guyana,57.0526984073946,1782.162,NA,71.791,NA,NA,50.3590951944672,2.63,NA,4592610458.19144,NA,65.078,49.6409048055328,3.82030988061976,0.345263366270006,NA,NA,68.321,752028,83.6494674682617,73.6,26.4,Latin America & Caribbean,Upper middle income
Haiti,67.8292210661205,2218.535,NA,62.934,NA,NA,50.6648997259493,3.356,4.03303280934431,15849403538.3438,NA,58.831,49.3351002740507,366.484760522496,1.5062698368329,2197197,44.8604662415955,60.879,10100320,37.3500633239746,51.508,48.492,Latin America & Caribbean,Low income
Honduras,69.1977350046406,8954.814,40.4552993774414,75.944,88.39096,11.60904,50.1100738502972,2.86,6.67779733135017,33791210423.4101,56.2,71.193,49.8899261497028,75.7947180266333,1.94314519809288,1078566,24.2048079454237,73.569,8480671,82.195298,47.457,52.543,Latin America & Caribbean,Lower middle income
"Hong Kong SAR, China",33.1294359770647,43794.981,52.9599990844727,86.7,NA,NA,53.1210153629479,1.204,23.9965884645955,354187869989.884,NA,80.3,46.8789846370521,6734.85714285714,0.672543291818633,7065815,99.91819390237,83.4219512195122,7071600,100,0,100,East Asia & Pacific,High income
Hungary,45.0743635582775,47843.349,43.9648017883301,78.7,97.05532,2.2536,52.5401010480422,1.23,9.15656203985864,228296184503.14,29.2,71.2,47.4598989519578,110.148315475533,-0.283360435946948,1730117,25.0154637162947,74.8585365853659,9971727,100,30.642,69.358,Europe & Central Asia,High income
Iceland,49.2721547121607,1881.171,76.3962020874023,84.1,98.9773,1.01589,49.6387620528579,2.02,2.24518882904523,13005319157.5317,26.8,80.7,50.3612379471421,3.18218453865337,0.305468368224399,NA,NA,82.3585365853659,319014,100,6.413,93.587,Europe & Central Asia,High income
India,55.2086374202875,1841776.419,NA,68.218,97.42634,2.57366,47.9770561075532,2.506,8.00105349751226,5782036999943.32,35.7,66.115,52.0229438924468,420.520965360438,1.28857558007871,22713934,5.80859155072821,67.13,1250288729,67.6,68.724,31.276,South Asia,Lower middle income
Indonesia,50.5306012564231,603665.207,50.9640007019043,71.69,98.75686,1.24314,49.6159879216039,2.471,10.6280512913985,2171518784772.08,39.7,67.485,50.3840120783961,135.305953399537,1.34799788882488,9732728,7.84792712817412,69.542,245116206,94.83,49.405,50.595,East Asia & Pacific,Lower middle income
"Iran, Islamic Rep.",40.9769486355894,589055.879,NA,75.753,96.48348,3.51652,49.5918233170062,1.866,6.59268924158168,1373350831357.52,NA,73.035,50.4081766829938,45.8231759129645,1.17582465825742,8131061,15.3011806209056,74.352,74634956,99.1723098754883,28.8,71.2,Middle East & North Africa,Upper middle income
Iraq,80.3793347710311,134384.549,NA,71.519,NA,NA,49.4855754889984,4.301,10.2519897526417,420751532114.547,NA,66.302,50.5144245110016,70.7434610425493,3.2527038113747,5785146,27.1822585758331,68.848,30725300,98,30.732,69.268,Middle East & North Africa,Upper middle income
Ireland,47.9165146082642,35632.239,54.964298248291,83,NA,2.6839,50.3668934452742,2.03,15.654261230611,205441154978.936,32.9,78.6,49.6331065547258,66.4840179997097,0.436072439258428,1113343,39.3708614540806,80.7463414634146,4580084,100,38.258,61.742,Europe & Central Asia,High income
Isle of Man,NA,NA,57.4900016784668,NA,NA,NA,NA,NA,NA,NA,NA,NA,NA,148.922807017544,0.0341693033375921,NA,NA,NA,84886,100,47.988,52.012,Europe & Central Asia,High income
Israel,61.1595150895344,69130.284,57.1269989013672,83.5,NA,NA,50.5806591207938,2.98,10.247704081168,237167247512.715,NA,79.9,49.4193408792062,358.863216266174,1.84807786159597,3371090,47.239624621066600,81.6560975609756,7765800,100,8.108,91.892,Middle East & North Africa,High income
Italy,53.2069468358705,397994.178,38.3987998962402,84.8,NA,NA,51.6122184823492,1.44,12.9394539942401,2173169963370.93,35.1,79.7,48.3877815176508,201.874784116407,0.171978290995717,3987921,9.81239452020549,82.1878048780488,59379449,100,31.556,68.444,Europe & Central Asia,High income
Jamaica,53.2458736183258,7858.381,54.9000015258789,75.542,NA,NA,50.2617543521925,2.136,8.03699029924891,22924301243.0723,NA,72.539,49.7382456478075,260.935272391505,0.548898908104943,584922,38.3801042503268,74.012,2825929,91.1,46.07,53.93,Latin America & Caribbean,Upper middle income
Japan,57.3917711337264,1191074.603,48.257999420166,85.9,NA,NA,51.0997356974841,1.39,9.90765928509825,4573186804907.29,NA,79.44,48.9002643025159,350.654908038568,-0.185226486410846,36975439,31.7614111124621,82.5912195121951,127833000,100,8.931,91.069,East Asia & Pacific,High income
Jordan,69.3798741751906,21668.303,14.6999998092651,75.267,77.48777,22.51223,49.0972950301311,3.541,10.0165062470836,70775751689.3427,NA,72.018,50.9027049698689,86.3159608019824,5.38288571321439,1466710,21.9563914040273,73.581,7663131,99.5990982055664,12.828,87.172,Middle East & North Africa,Upper middle income
Kazakhstan,45.3962326350119,259058.882,NA,73.81,NA,NA,51.6432050149087,2.59,4.55528759502616,352286473300.142,28,64.16,48.3567949850913,6.13297810867874,1.43150640921021,1469534,15.5984149107843,68.98,16557201,99.797468354430400,43.1,56.9,Europe & Central Asia,Upper middle income
Kenya,82.3154865815793,13457.89,NA,63.923,NA,NA,50.3428182740994,4.248,5.45203422144793,108633362952.274,NA,59.74,49.6571817259006,75.8657922479531,2.69373257244067,3361889,32.483915003349,61.851,43178257,38.6099815368652,76.031,23.969,Sub-Saharan Africa,Lower middle income
Kiribati,65.9346579205882,62.339,NA,70.052,NA,NA,50.8120494581563,3.822,NA,183193721.930402,NA,62.155,49.1879505418437,129.293827160494,1.73465137856516,NA,NA,66.072,104728,74.2270584106445,51.765,48.235,East Asia & Pacific,Lower middle income
"Korea, Dem. Peopleâ€™s Rep.",45.4159619596412,48034.033,NA,73.307,NA,NA,51.1319197619849,1.934,NA,NA,NA,66.402,48.8680802380151,204.911427622291,0.506069264182711,2882276,19.2904549768958,70.012,24673385,31.1363506317139,39.443,60.557,NA,NA
"Korea, Rep.",36.457632872884,589400.577,49.7000007629395,84,NA,NA,49.8984908514622,1.244,5.9863864733451,1559446833866.66,NA,77.3,50.1015091485378,513.804280275749,0.768971758582589,9808821,23.9768243105431,80.5682926829269,49936638,100,18.077,81.923,East Asia & Pacific,High income
Kosovo,NA,NA,NA,72.3,NA,NA,NA,2.24,5.82532303300852,14726113710.6478,27.8,68.1,NA,164.508128961146,0.859067492317545,NA,NA,70.1487804878049,1791000,100,NA,NA,Europe & Central Asia,Upper middle income
Kuwait,33.2334101681914,91029.608,NA,75.605,NA,NA,42.1649062800066,2.182,7.63333581943486,247177337169.866,NA,73.816,57.8350937199934,177.781144781145,5.72161238595938,2097358,66.2032284742082,74.55,3168060,100,0,100,Middle East & North Africa,High income
Kyrgyz Republic,52.6300071601536,7656.696,52.8400001525879,73.7,94.82667,4.30616,50.5823835654223,3.1,4.8653590020602,16105958461.3669,27.8,65.7,49.4176164345777,28.7518248175182,1.21689072909974,861662,44.1986518739731,69.6024390243903,5514600,99.4512786865234,64.648,35.352,Europe & Central Asia,Lower middle income
Lao PDR,65.285168914582,1624.481,NA,66.598,92.8464,7.12528,50.3004617204332,3.056,NA,28469987707.9776,NA,62.973,49.6995382795668,27.5024566724437,1.56237350547009,613045,31.500171619658,64.797,6347567,70,69.34,30.66,East Asia & Pacific,Lower middle income
Latvia,48.5255316126455,7293.663,53.0657997131348,78.8,98.28579,0.71916,54.2105821248124,1.33,9.57568792069815,40760562652.774,35.8,68.6,45.7894178751876,33.1142926045016,-1.82076700208005,657642,47.0448614497133,73.5756097560976,2059709,100,32.131,67.869,Europe & Central Asia,High income
Lebanon,47.4912686219548,20443.525,NA,80.483,NA,NA,49.3150547998451,2.002,11.3462900344032,72008412770.4573,31.8,76.739,50.6849452001549,508.537927663734,4.9103331732675,2035818,44.7312785280775,78.507,5202343,99.6840109542869,12.516,87.484,Middle East & North Africa,Upper middle income
Lesotho,64.9345871011394,2332.212,NA,49.26,90.19989,9.80011,51.2948193750552,3.282,NA,5167044576.04295,NA,43.417,48.7051806249448,66.0008893280632,0.410365413522061,NA,NA,46.207,2003787,22.9192314147949,74.69,25.31,Sub-Saharan Africa,Lower middle income
Liberia,86.1621735338739,891.081,NA,61.763,NA,NA,49.9131039969174,4.881,NA,4637773844.21952,NA,58.561,50.0868960030826,41.7093334717608,3.18879475944838,1095654,56.5900153192509,60.146,4017443,4.1,51.807,48.193,Sub-Saharan Africa,Low income
Libya,49.1626159379095,39702.609,NA,74.982,NA,NA,49.045864880932,2.466,5.0648639583698,69322560014.4654,NA,69.266,50.954135119068,3.55060925014492,0.799933426460222,1102785,22.5504201371366,71.956,6247439,79.6070251464844,21.723,78.277,Middle East & North Africa,Upper middle income
Liechtenstein,NA,47.671,54.6599998474121,84.2,NA,NA,NA,1.69,NA,NA,NA,79.5,NA,226.83125,0.827262731069455,NA,NA,81.7926829268293,36293,100,85.59,14.41,Europe & Central Asia,High income
Lithuania,47.5127412457826,13787.92,52.7047004699707,79.3,NA,NA,54.0035648935818,1.55,9.46076723815983,69113449621.1446,32.5,68.1,45.9964351064182,48.3153308737745,-2.25846389882827,524931,25.9739019512181,73.5634146341464,3028115,100,33.259,66.741,Europe & Central Asia,High income
Luxembourg,45.6812503337465,10938.661,50.2509002685547,83.6,95.66652,3.81597,50.2289567735774,1.52,11.4201091955329,47690524461.9649,32.1,78.5,49.7710432264226,213.311522633745,2.22266050326725,NA,NA,80.9878048780488,518347,100,11.094,88.906,Europe & Central Asia,High income
"Macao SAR, China",24.6395438294791,1448.465,67.4400024414063,85.825,85.63038,13.35208,51.9718317529995,1.131,NA,64148218365.2919,NA,79.944,48.0281682470004,18422.4748576286,2.31643219488516,549439,99.7471098265896,82.938,550832,100,0,100,East Asia & Pacific,High income
Madagascar,85.2903175777242,2339.546,NA,65.319,NA,NA,50.1795532278604,4.52,NA,34722812390.6394,NA,62.363,49.8204467721396,37.373932398869,2.76188958903235,2128608,30.0473279632488,63.836,21743967,14.3,67.42,32.58,Sub-Saharan Africa,Low income
Malawi,95.7121031372303,1180.774,NA,60.046,NA,NA,50.7856708522149,5.161,NA,16427533195.5102,NA,54.334,49.2143291477851,158.698684768774,2.86443523100147,762835,32.532191659893,57.161,14962112,7.6,84.328,15.672,Sub-Saharan Africa,Low income
Malaysia,47.9577680119151,220405.035,NA,76.918,NA,2.38909,48.4103954345407,2.129,8.16535523647021,624786298313.787,43.9,72.698,51.5896045654593,87.2042459290823,1.55799095010375,6004742,29.2676362265948,74.683,28650955,99.5296096801758,28.391,71.609,East Asia & Pacific,Upper middle income
Maldives,40.250869898561,986.423,NA,77.828,NA,NA,44.7435301043646,2.171,NA,4751030617.62781,NA,75.059,55.2564698956354,1268.31666666667,3.95667433955291,NA,NA,76.293,380495,99.6681594848633,63.151,36.849,South Asia,Upper middle income
Mali,101.730074516625,1045.095,NA,56.326,64.10311,35.8625,50.0336747473814,6.474,NA,29134739169.0792,NA,55.065,49.9663252526186,12.7148976798695,3.04459357297442,1947964,34.1196528979296,55.701,15514591,26.8568820953369,63.201,36.799,Sub-Saharan Africa,Low income
Malta,44.9468288844164,2541.231,36.0611991882324,83,NA,NA,50.2999616968304,1.45,14.3407450933555,11899362307.9176,29.1,78.6,49.7000383031696,1300.8375,0.423700885195294,NA,NA,80.7463414634146,416268,100,5.85899999999999,94.141,Middle East & North Africa,High income
Marshall Islands,NA,102.676,29.0400009155273,NA,92.63302,7.36698,NA,4.05,NA,185737266.300436,NA,NA,NA,314.061111111111,0.292302040763975,NA,NA,NA,56531,89.919606785433,25.962,74.038,East Asia & Pacific,Upper middle income
Mauritania,79.4069171396978,2394.551,NA,64.548,75.13,24.87,49.9810206394294,4.939,NA,12535969841.7305,NA,60.996,50.0189793605706,3.49146017269817,2.94551992533814,888597,51.9919185819955,62.799,3598648,35.7394027709961,52.507,47.493,Sub-Saharan Africa,Lower middle income
Mauritius,41.4821233095685,3920.023,42.5952987670898,76.97,NA,NA,50.4325883201153,1.55,15.7205652683948,20742028226.4255,NA,69.74,49.5674116798846,616.947783251232,0.160140420765724,NA,NA,73.2668292682927,1252404,99.4,58.556,41.444,Sub-Saharan Africa,Upper middle income
Mexico,54.6101010316987,484429.035,42.8400993347168,77.952,NA,NA,51.0703185020177,2.317,10.4092684413814,1911319122227.47,NA,72.056,48.9296814979823,59.5156629542941,1.39479253855144,20371749,22.5423792712191,75.011,115695473,99.2205657958984,21.889,78.111,Latin America & Caribbean,Upper middle income
"Micronesia, Fed. Sts.",62.1422525939626,121.011,NA,68.332,NA,NA,49.2392313046168,3.402,NA,354035818.730036,NA,65.03,50.7607686953832,147.785714285714,0.522386716211718,NA,NA,66.646,103450,67.2928848266602,77.695,22.305,East Asia & Pacific,Lower middle income
Moldova,35.8756686941228,5038.458,39.2837982177734,74.22,90.21977,8.49116,51.9068476480615,1.276,5.16949896759474,17845291368.6009,30.6,66.014,48.0931523519385,124.097535469028,-0.0578205867782477,548892,36.2027276768577,70.119,3559986,100,57.411,42.589,Europe & Central Asia,Lower middle income
Monaco,NA,NA,NA,NA,NA,NA,NA,NA,NA,NA,NA,NA,NA,18012,1.15027232878459,NA,NA,NA,36024,100,0,100,Europe & Central Asia,High income
Mongolia,45.0696636132707,21499.621,55.032299041748,72.051,NA,NA,50.4374345977793,2.722,5.68594996736726,24526362242.0886,33.9,63.895,49.5625654022207,1.78323463528927,1.83843532983629,1181177,62.7344288171844,67.818,2770362,72.0570749108204,32.037,67.963,East Asia & Pacific,Lower middle income
Montenegro,47.4142788199802,2570.567,41.5909004211426,77.855,NA,NA,50.59614151304,1.741,7.97147863213231,8974067442.65285,30.8,73.119,49.4038584869601,46.1025278810409,0.10504177223011,NA,NA,75.505,620079,100,35.528,64.472,Europe & Central Asia,Upper middle income
Morocco,52.4309480972153,57685.577,25.4799995422363,75.965,93.38813,6.1897,50.6652673155214,2.576,12.1184611485894,223034630236.893,NA,73.366,49.3347326844786,73.452498319516,1.34653670901257,3475869,18.0997739213461,74.696,32781850,92.7295837402344,41.419,58.581,Middle East & North Africa,Lower middle income
Mozambique,95.1167583342832,3223.293,NA,55.503,84.95111,15.04889,51.7265488372093,5.329,2.51713541872499,26079156558.8776,NA,50.461,48.2734511627907,30.7580139372822,2.74923394924768,1097185,14.0282276552159,53.043,24187487,20.2,67.664,32.336,Sub-Saharan Africa,Low income
Myanmar,52.6273269662055,14297.633,NA,67.372,NA,NA,51.7952991032938,2.312,13.7584512962591,197076675497.924,NA,60.566,48.2047008967062,78.0520366146734,0.767385401214063,4471308,30.1595336851906,63.983,50990615,53.8127632141113,70.925,29.075,East Asia & Pacific,Lower middle income
Namibia,70.6088820681581,2830.924,NA,60.235,NA,NA,51.6555400895257,3.632,12.1653225513644,19322996884.943,NA,55.786,48.3444599104742,2.61961277314191,1.76949238391963,324232,35.2597403303562,58.085,2156701,42.3,57.363,42.637,Sub-Saharan Africa,Upper middle income
Nauru,NA,40.337,49.2900009155273,NA,NA,NA,NA,NA,NA,73811384.0187438,NA,NA,NA,502.85,0.518394142664661,NA,NA,NA,10057,99,0,100,East Asia & Pacific,Upper middle income
Nepal,69.3679884580346,5533.503,NA,69.44,NA,NA,51.3194264164117,2.444,5.25184064012716,55503825716.8332,NA,66.698,48.6805735835883,188.639253575166,0.10443136006734,1004278,21.7082565162403,68.028,27041437,67.26,82.892,17.108,South Asia,Low income
Netherlands,49.7526172726539,174167.832,58.7591018676758,83.1,NA,NA,50.3316457555061,1.76,10.0500359943123,777880906388.857,27.7,79.4,49.6683542444939,495.049644128114,0.466428782200821,1072779,7.31288634462842,81.2048780487805,16693074,100,12.121,87.879,Europe & Central Asia,High income
New Caledonia,49.222645937225,3648.665,NA,79.5357986694074,NA,NA,49.6082718056841,2.15,NA,NA,NA,73.8954417686033,50.3917281943159,13.914113785558,1.82508537401111,NA,NA,76.6468353787517,254350,100,32.435,67.565,East Asia & Pacific,High income
New Zealand,51.0272017704353,31503.197,62.0800018310547,82.8,NA,NA,50.8771183391217,2.09,7.83680547195071,143508208746.799,NA,79.1,49.1228816608784,16.6495765447571,0.762479795105218,1351275,35.7989299066609,80.9048780487805,4384000,100,13.9,86.1,East Asia & Pacific,High income
Nicaragua,59.7424383305713,4880.777,NA,75.93,NA,NA,50.7392891961508,2.575,8.03546154612185,24575864514.6593,NA,69.416,49.2607108038492,49.0530081435932,1.34688315004338,998755,29.6243136759385,72.692,5903039,78.6067886352539,42.887,57.113,Latin America & Caribbean,Lower middle income
Niger,111.411292299988,1327.454,69.1927032470703,59.141,53.3845,46.6155,49.9943499094642,7.429,7.06742233849245,13679116082.3319,31.5,57.074,50.0056500905358,13.5112978605826,3.87636099708268,983159,35.4249404575312,58.081,17114761,14.3,83.784,16.216,Sub-Saharan Africa,Low income
Nigeria,88.2445245183342,95694.032,56.8987007141113,52.12,NA,NA,49.4122357852716,5.802,6.69433056836372,848839134546.671,NA,50.596,50.5877642147284,178.755416845087,2.67788382710598,10778303,14.9221769019336,51.346,162805071,55.9,55.634,44.366,Sub-Saharan Africa,Lower middle income
North Macedonia,41.4002843715716,9398.521,43.5070991516113,76.888,NA,NA,50.0112425475902,1.477,7.70967405016673,24064167064.4152,39.4,72.85,49.9887574524098,82.1763283108644,0.0842821154595245,528673,44.6807197960826,74.846,2072487,99.7261638038337,42.908,57.092,Europe & Central Asia,Upper middle income
Northern Mariana Islands,NA,NA,NA,NA,NA,NA,NA,NA,NA,NA,NA,NA,NA,117.417391304348,0.0759378827597736,NA,NA,NA,54012,100,8.97199999999999,91.028,East Asia & Pacific,High income
Norway,51.0317575753141,45195.775,68.6284027099609,83.6,99.50677,0.38122,49.9298450893078,1.88,10.9876215845655,307471559230.611,25.3,79.1,50.0701549106922,13.5610392282727,1.297189390693,913306,23.2070021517092,81.2951219512195,4953088,100,20.545,79.455,Europe & Central Asia,High income
Oman,36.9985874991994,54029.578,NA,78.397,99.67396,0.32604,38.5108187931354,2.882,6.19419974439804,136358363675.009,NA,74.119,61.4891812068646,10.5043877221325,6.66667465934917,774615,31.274931443577,75.916,3251108,100,23.817,76.183,Middle East & North Africa,High income
Pakistan,71.183077403912300,161956.722,22.3815002441406,66.526,58.12014,41.87986,48.4984157972409,3.88,8.76364162666144,750693024684.963,30.9,64.672,51.5015842027591,237.832855956829,2.15902890237783,12930831,20.0355131051028,65.562,183340592,70.5071563720703,64.798,35.202,South Asia,Lower middle income
Palau,NA,253.023,NA,NA,NA,NA,NA,NA,NA,257787282.61526,NA,NA,NA,38.5760869565217,-1.17648415795863,NA,NA,NA,17745,98.6113967895508,24.489,75.511,East Asia & Pacific,High income
Panama,55.7705772342348,10098.918,44.7321014404297,80.066,94.82927,4.41979,49.7735721691665,2.613,16.1858274021949,63380187782.4488,51.3,74.096,50.2264278308335,49.8585283831047,1.73618524309943,1536506,63.3503352627658,76.989,3706483,90.6264953613281,34.563,65.437,Latin America & Caribbean,High income
Papua New Guinea,70.6091968955985,5328.151,NA,63.727,NA,NA,49.0988860570574,3.926,NA,22937846458.121,NA,60.997,50.9011139429426,16.5000220818796,2.18768387618694,317968,32.7334344946293,62.316,7472200,30.1044464111328,87,13,East Asia & Pacific,Lower middle income
Paraguay,60.7555488665473,5320.817,62.3568992614746,74.882,89.99722,10.00278,49.1234028014925,2.675,13.0123879066164,63445983128.5112,52.3,70.958,50.8765971985075,15.9425522275359,1.36635454778458,2658829,70.4505468416306,72.86,6333976,98.23656,40.416,59.584,Latin America & Caribbean,Upper middle income
Peru,56.480708818253,49632.845,63.6805992126465,77.207,99.6342,0.19382,50.1693154331245,2.493,16.3665383845654,310964900334.817,44.7,72.226,49.8306845668755,22.8627484375,0.811930736644263,9091604,40.5487015264807,74.697,29264318,89.707491,23.383,76.617,Latin America & Caribbean,Upper middle income
Philippines,60.9005019362515,85496.105,48.8279991149902,74.25,NA,NA,49.5607028515806,3.121,13.371393624775,543770720548.511,NA,66.062,50.4392971484194,320.522007579569,1.69181395114085,12075689,27.756760845097,69.984,95570047,87.2,54.478,45.522,East Asia & Pacific,Lower middle income
Poland,40.7219342339802,316997.482,47.7526016235352,81.1,94.82616,4.89487,51.635452969408,1.33,8.61182157075369,869769693309.293,33.2,72.5,48.364547030592,124.296296901022,0.0537697088781007,1706551,7.37653926894521,76.6951219512195,38063255,100,39.22,60.78,Europe & Central Asia,High income
Portugal,51.1536144371319,47623.329,54.6402015686035,83.8,NA,NA,52.2597902546486,1.35,12.370486669266,282620727896.604,36.3,77.3,47.7402097453514,115.269789278306,-0.147084878575482,2825778,43.7579816973206,80.4707317073171,10557560,100,38.833,61.167,Europe & Central Asia,High income
Puerto Rico,51.2522700800063,NA,33.2999992370605,82.435,89.51948,10.48052,51.9876894104322,1.5965,NA,125796635852.55,NA,75.027,48.0123105895678,414.73866967305500,-1.15654029293994,2475169,71.7511625068811,78.6406585365854,3678732,100,6.227,93.773,Latin America & Caribbean,High income
Qatar,16.0535088459355,80435.645,52.1199989318848,80.893,NA,NA,23.2890539732064,2.027,8.06893428016523,252498021613.775,NA,78.063,76.7109460267936,175.354952627046,9.23239329624681,536328,26.7174119885823,79.26,2035871,100,1.398,98.602,Middle East & North Africa,High income
Romania,46.305832959536,84880.049,46.0853996276855,78.2,95.32278,3.36457,51.4374885859164,1.47,10.0768739025617,360795375961.993,35.9,70.8,48.5625114140836,87.5332493374462,-0.491866212866043,1884771,17.3366382115025,74.409756097561,20147528,100,46.04,53.96,Europe & Central Asia,Upper middle income
Russian Federation,39.4108528837193,1763405.295,63.0068016052246,75.61,NA,NA,53.6400948603539,1.582,4.81441536669145,3475384986433.43,39.7,64.04,46.3599051396461,8.72943779855369,0.0779670984684485,11584367,10.9900360700645,69.6839024390244,142960868,100,26.268,73.732,Europe & Central Asia,Upper middle income
Rwanda,78.5873333897781,663.727,NA,66.275,NA,NA,50.9657561841242,4.412,NA,15302636873.1364,NA,62.683,49.0342438158758,417.240818808269,2.49850339697895,825790,47.3643578031115,64.523,10293331,10.8,83.062,16.938,Sub-Saharan Africa,Low income
Samoa,75.6478965614167,201.685,23.3299999237061,74.233,NA,NA,48.3829326448639,4.277,NA,1060162940.84613,NA,69.782,51.6170673551361,66.2434628975265,0.814105584117979,NA,NA,71.906,187469,96.6685746994848,80.143,19.857,East Asia & Pacific,Upper middle income
San Marino,NA,NA,NA,NA,NA,NA,NA,NA,NA,2080937193.28879,NA,NA,NA,527.683333333333,1.37384892618148,NA,NA,NA,31661,100,4.039,95.961,Europe & Central Asia,High income
Sao Tome and Principe,86.4896003880905,102.676,NA,70.154,NA,NA,49.973715728833,4.677,NA,481978560.362673,NA,65.613,50.026284271167,192.2125,2.27636954955887,NA,NA,67.885,184524,60.6107292175293,33.936,66.064,NA,NA
Saudi Arabia,46.3382898637141,499878.106,19.7600002288818,75.705,97.08999,2.91001,43.6370824807816,2.871,7.69268593475249,1370239542676.01,NA,72.808,56.3629175192184,13.1496564620945,3.03933244337957,5406118,23.2372585791367,74.089,28267685,100,17.698,82.302,Middle East & North Africa,High income
Senegal,87.5590843517396,8368.094,44.3300018310547,66.521,75.0892,24.2091,51.3391859052155,5.039,8.80070972572856,35703977716.8264,40.3,63.144,48.6608140947845,67.6975484340103,2.76667922615095,2489611,43.2270661078102,64.898,13033809,56.5,55.812,44.188,Sub-Saharan Africa,Lower middle income
Serbia,47.3040810246881,49218.474,37.9908981323242,77.2,97.51667,2.48333,50.9838448392366,1.4,6.14398432441702,99446628578.763,NA,72,49.0161551607634,82.7132289046421,-0.789468997859736,1343168,33.6270512939914,74.5365853658537,7234099,100,44.785,55.215,Europe & Central Asia,Upper middle income
Seychelles,43.5694934734422,341.031,61.9099998474121,78,NA,NA,48.2967284125291,2.38,NA,1972370136.58509,NA,67.7,51.7032715874709,190.089130434783,-2.62865635521684,NA,NA,72.7243902439024,87441,98.2302856445313,46.28,53.72,Sub-Saharan Africa,High income
Sierra Leone,85.0661087346994,898.415,NA,51.091,NA,NA,50.2233501207788,5.06,NA,8239839598.09827,34,49.337,49.7766498792212,90.9287891382654,2.2746559416047,931266,36.1524724954774,50.234,6563240,14.2,60.752,39.248,Sub-Saharan Africa,Low income
Singapore,27.2250194812765,45221.444,NA,84.1,NA,NA,47.7215957018337,1.2,14.9993602799506,394138265073.063,NA,79.5,52.2784042981663,7363.19302222527,2.08490245606007,5176017,99.852016556552,81.7439024390244,5183688,100,0,100,East Asia & Pacific,High income
Sint Maarten (Dutch part),NA,NA,NA,NA,NA,NA,NA,2.03,NA,1215036079.49415,NA,NA,NA,983.382352941176,-1.84029730199093,NA,NA,NA,33435,100,0,100,Latin America & Caribbean,High income
Slovak Republic,38.8519677869888,34524.805,50.1352996826172,79.8,84.19697,5.83273,51.4819006783594,1.45,8.10522698585318,140626782410.196,26.5,72.3,48.5180993216406,112.260526935178,0.128936462723796,411517,14.0076540242174,75.9585365853659,5398384,100,45.58,54.42,Europe & Central Asia,High income
Slovenia,45.1168304569303,15089.705,52.331901550293,83.3,99.94988,0.05012,50.3784469974328,1.56,8.10861022055,59391588537.9105,24.9,76.8,49.6215530025672,101.898293699867,0.207732702329724,NA,NA,79.9707317073171,2052843,100,47.117,52.883,Europe & Central Asia,High income
Solomon Islands,78.6508180009699,198.018,NA,72.87,NA,NA,49.2083424126813,4.413,NA,1118021984.05594,NA,69.369,50.7916575873187,19.3469453376206,2.55488553803648,NA,NA,70.985,541521,37.6864395141602,79.492,20.508,East Asia & Pacific,Lower middle income
Somalia,103.443346121109,605.055,NA,55.982,NA,NA,50.0642154504111,6.765,NA,NA,NA,52.783,49.9357845495889,19.7282207415437,2.72266188498611,1450000,28.5754601043221,54.342,12376302,22.4454669952393,59,41,Sub-Saharan Africa,Low income
South Africa,52.4754112804283,470582.443,45.0471992492676,61.935,NA,NA,50.6535056436978,2.582,4.48314326797993,633367869300.09,NA,55.993,49.3464943563022,42.8691787089169,1.5253140838922,4387051,13.4446174316832,58.895,52004172,84.7,37.254,62.746,Sub-Saharan Africa,Upper middle income
South Sudan,87.8665909393198,NA,NA,56.645,36.06373,62.90518,50.0063423796588,5.286,NA,30425094487.7333,NA,54.032,49.9936576203412,NA,3.33381064434016,266828,15.0523137119071,55.325,9830698,5.49966812133789,81.968,18.032,Sub-Saharan Africa,Low income
Spain,47.6538264109461,270547.593,52.8162002563477,85.6,NA,NA,50.6211802241608,1.34,11.8482205509311,1489595017146.76,35.7,79.5,49.3788197758392,93.5078358806114,0.355338396471428,5871758,15.9671965010384,82.4756097560976,46742697,100,21.327,78.673,Europe & Central Asia,High income
Sri Lanka,49.3325643668977,15137.376,34.1966018676758,79.079,94.00184,5.99816,51.4200311630818,2.237,17.8586330038585,186763262332.062,NA,72.172,48.5799688369182,325.285759846914,0.67354720616286,566723,15.2558063659921,75.614,20398670,87.76,81.789,18.211,South Asia,Upper middle income
St. Kitts and Nevis,NA,231.021,NA,NA,NA,NA,NA,NA,NA,1224614096.24216,NA,NA,NA,190.180769230769,0.87546134642821,NA,NA,NA,49447,100,68.818,31.182,Latin America & Caribbean,High income
St. Lucia,45.0357334655265,407.037,61.810001373291,76.431,NA,NA,50.769064248197,1.522,NA,2115166407.02429,NA,73.624,49.230935751803,287.777049180328,0.834603805200107,NA,NA,74.993,175544,94.8557357788086,81.55,18.45,Latin America & Caribbean,Upper middle income
St. Martin (French part),NA,NA,NA,82.2,NA,NA,NA,1.82,NA,NA,NA,75.7,NA,688.345588235294,-0.3625317187,NA,NA,78.8707317073171,37446,100,NA,NA,Latin America & Caribbean,High income
St. Vincent and the Grenadines,51.2180820617348,198.018,NA,74.404,NA,NA,49.0587637907954,2.046,NA,1079375927.09453,NA,69.553,50.9412362092046,277.733333333333,0.0563325667915986,NA,NA,71.827,108316,94.193244934082,50.644,49.356,Latin America & Caribbean,Upper middle income
Sudan,85.3867217646919,15658.09,28.3307991027832,64.926,55.27348,44.72652,50.1269601452641,4.824,8.80627878923301,146689215152.158,NA,61.457,49.8730398547359,NA,2.30261699951746,4633200,39.4698876839247,63.171,35349681,36.2792434692383,66.793,33.207,Sub-Saharan Africa,Lower middle income
Suriname,54.5897808447889,1969.179,49.3400001525879,74.007,90.37865,9.52794,49.6428284474109,2.587,11.3270943027231,7914263443.50122,NA,67.547,50.3571715525891,3.43063461538462,1.13652321236942,NA,NA,70.676,535179,92.2382278442383,33.724,66.276,Latin America & Caribbean,Upper middle income
Sweden,53.881282033786,51734.036,67.8641967773438,83.8,NA,NA,50.150194814352,1.9,8.43728534100018,420524687693.704,27.6,79.9,49.849805185648,23.027764780426,0.755150133665177,1385646,17.1918616805802,81.8024390243903,9449213,100,14.703,85.297,Europe & Central Asia,High income
Switzerland,47.183280284664,36967.027,60.5340995788574,85,99.78332,0.09722,50.7015566483723,1.52,17.5282582237464,444548757851.532,31.7,80.5,49.2984433516277,200.232761525969,1.11187894263206,1270929,21.814860955534,82.6951219512195,7912398,100,26.369,73.631,Europe & Central Asia,High income
Syrian Arab Republic,67.5835781023559,56908.173,14.8000001907349,76.624,NA,NA,49.5644587320617,3.29,NA,NA,NA,66.697,50.4355412679383,114.812209333987,-1.3172990096967,2346492,20.3917187353215,71.27,21082966,92.0285568237305,45.42,54.58,Middle East & North Africa,Low income
Tajikistan,63.4325569545001,2350.547,NA,71.487,NA,NA,49.5330631073151,3.603,7.92183409826379,17286955072.7244,NA,66.852,50.4669368926849,54.9979279794227,2.23480003645943,738383,36.1694123363852,69.055,7697510,98.8871917724609,73.479,26.521,Europe & Central Asia,Low income
Tanzania,90.054892596665,8093.069,80.879997253418,61.438,NA,NA,50.1107009050321,5.358,4.72961059556662,103307020772.387,37.8,57.599,49.8892990949679,51.5616820952811,2.94803623980046,4091984,31.1106326400775,59.525,45673338,14.2,71.202,28.798,Sub-Saharan Africa,Low income
Thailand,39.2310205239113,278317.966,65.9000015258789,78.186,NA,NA,51.0251097704819,1.539,7.76570274500234,914029309163.43,37.5,71.104,48.9748902295181,132.158355027501,0.480063003382418,8484289,28.1128801711739,74.593,67518382,99.5202789306641,55.302,44.698,East Asia & Pacific,Upper middle income
Timor-Leste,85.0683562739305,245.689,NA,69.161,91.59933,8.40067,49.4491328243891,4.637,NA,10976037920.4147,NA,65.862,50.5508671756109,74.8588433086752,1.77901381606915,NA,NA,67.477,1113151,52.4815101623535,71.921,28.079,East Asia & Pacific,Lower middle income
Togo,83.4821519226431,2464.224,76.401496887207,58.773,NA,NA,50.3733281948181,4.798,2.70826033263224,8485486066.81902,46,57.388,49.6266718051819,121.271244714102,2.67751530695112,1498719,59.7439815289115,58.092,6595943,39.7,61.968,38.032,Sub-Saharan Africa,Low income
Tonga,75.2762968604553,102.676,NA,72.119,NA,NA,49.88412290697,3.864,NA,533494964.58507,NA,68.174,50.11587709303,143.836111111111,-0.408580752258029,NA,NA,70.148,103562,92.175456108246,76.557,23.443,East Asia & Pacific,Upper middle income
Trinidad and Tobago,41.3037340036611,46933.933,48.3679008483887,74.971,NA,NA,50.4893801733299,1.804,2.09667726972676,41395401723.1008,NA,69.454,49.5106198266701,260.463547758285,0.602856207325543,545913,75.8902890824291,72.17,1336178,100,46.164,53.836,Latin America & Caribbean,High income
Tunisia,44.4398442743054,26021.032,24.875,77.48,NA,NA,50.1964462060244,2.182,11.0983621893459,108913333410.658,NA,73.059,49.8035537939756,69.1418640576725,0.997672881541683,2046858,28.4665387182911,75.206,10741880,99.5,33.062,66.938,Middle East & North Africa,Lower middle income
Turkey,51.4185256347111,320840.498,28.4162006378174,78.194,94.58218,5.41782,50.8290836351015,2.137,12.7155913038708,1443295181748.46,40,71.694,49.1709163648985,95.4274950300794,1.53240081692763,13057664,24.900014563203,74.944,73443863,99.9642791748047,28.598,71.402,Europe & Central Asia,Upper middle income
Turkmenistan,50.1701358474663,62467.345,NA,70.447,NA,NA,50.8003554644346,2.892,2.35071977155734,58014358231.6118,NA,63.469,49.1996445355654,11.0103313259422,1.6932375523177,684010,27.076133093874,66.928,5174085,99.9352264404297,51.175,48.825,Europe & Central Asia,Upper middle income
Turks and Caicos Islands,NA,190.684,NA,NA,NA,NA,NA,NA,NA,662387625.612476,NA,NA,NA,35.1336842105263,2.17159524762909,NA,NA,NA,33377,100,9.33199999999999,90.668,Latin America & Caribbean,High income
Tuvalu,NA,7.334,NA,NA,NA,NA,NA,NA,NA,33814047.7894767,NA,NA,NA,354.433333333333,0.973404652306504,NA,NA,NA,10633,97.3659744262695,44.193,55.807,East Asia & Pacific,Upper middle income
Uganda,103.277631269746,4264.721,NA,59.714,95.82091,4.17909,50.9349826201881,5.983,NA,56239143509.149,NA,56.334,49.0650173798119,166.95052363854,3.18288193144179,2117087,31.7821900046493,58.087,33476919,14.6,80.102,19.898,Sub-Saharan Africa,Low income
Ukraine,42.8935961824427,286392.7,58.5,75.88,93.47101,6.52899,53.843903476228,1.459,2.9910054407249,378531847053.314,24.6,65.98,46.156096523772,78.896119588483,-0.359480080664232,2814555,8.9649605098738,70.8092682926829,45706100,100,31.311,68.689,Europe & Central Asia,Lower middle income
United Arab Emirates,16.5040946734282,165440.372,NA,77.957,NA,NA,25.6855596506362,1.763,7.86740669759857,506157540235.955,NA,75.823,74.3144403493638,125.975457617573,4.53634762602081,1969843,26.0797962383317,76.521,8946777,100,15.577,84.423,Middle East & North Africa,High income
United Kingdom,52.3437484760247,447828.708,56.2036018371582,83,98.18225,1.70635,50.8411696855961,1.91,12.5032437174516,2350795692102,33.2,79,49.1588303144039,261.47612119208,0.781677289298684,8173941,15.8408791390918,80.9512195121951,63258918,100,18.43,81.57,Europe & Central Asia,High income
United States,49.869752135793,5289680.503,58.1038017272949,81.1,96.93143,NA,50.5996033795709,1.8945,7.09571554298132,15542581104000,NA,76.3,49.4003966204291,34.0620643853677,0.726014423783411,18421391,7.30412461319908,78.6414634146341,311580009,100,19.056,80.944,North America,High income
Uruguay,56.3010168812117,7763.039,56.9020004272461,80.511,NA,NA,51.8062729783913,2.008,13.7198736304702,60618737179.4844,42.2,73.054,48.1937270216087,19.2488515598217,0.287119696654749,1668901,52.3590582465546,76.882,3368934,99.17,5.38800000000001,94.612,Latin America & Caribbean,High income
Uzbekistan,49.855504467665,113684.334,64.9000015258789,72.57,91.80225,6.24754,50.2509507020843,2.236,3.40935344717882,161426817074.781,NA,67.301,49.7490492979157,68.9689703808181,2.68401550537804,2270727,15.1310149600493,69.91,29339400,99.6852951049805,48.85,51.15,Europe & Central Asia,Lower middle income
Vanuatu,73.2666409608272,132.012,NA,70.926,NA,NA,49.2475005975488,4.06,NA,705126498.576747,NA,67.769,50.7524994024512,19.9059064807219,2.69069658796264,NA,NA,69.272,242653,38.356128692627,75.439,24.561,East Asia & Pacific,Lower middle income
"Venezuela, RB",54.5780729986828,176822.74,49.5304985046387,77.071,95.09401,3.18986,50.1326317794322,2.444,7.44557710833278,500326029131.469,NA,69.388,49.8673682205678,32.7513961793549,1.56445621353562,2901292,11.3986410384268,73.11,28888369,98.84,11.892,88.108,Latin America & Caribbean,Upper middle income
Vietnam,42.4592484259708,152169.499,72.5693969726563,78.957,NA,NA,50.2391107130727,1.949,7.03671058014327,414339040368.18,NA,70.796,49.7608892869273,286.617734705067,1.02230479554791,6405520,23.1905247262066,74.904,88871561,99,68.92,31.08,East Asia & Pacific,Lower middle income
Virgin Islands (U.S.),53.6056737588652,NA,NA,81.9,NA,NA,52.2090099627578,2.16,NA,NA,NA,75.1,47.7909900372422,309.405714285714,-0.0609277655589285,NA,NA,78.4170731707317,108292,100,5.239,94.761,Latin America & Caribbean,High income
West Bank and Gaza,80.4649625846499,2247.871,15.394700050354,74.691,90.53836,8.84769,49.2651676501222,4.36,NA,17107576519.9196,34.4,71.223,50.7348323498778,645.014285714286,2.52518683079236,550656,19.0656892657167,72.915,3882986,99.7,25.619,74.381,Middle East & North Africa,Lower middle income
"Yemen, Rep.",81.412294156957,19666.121,NA,67.458,NA,NA,49.5919871926536,4.554,13.951889625062,92285415711.8955,NA,64.134,50.4080128073464,45.0926908725875,2.7799875626716,2160544,28.0404844175693,65.768,23807588,67.6331100463867,67.636,32.364,Middle East & North Africa,Low income
Zambia,96.8820672571222,2937.267,NA,59.278,90.43112,9.56888,50.6070619121928,5.328,5.51986766120219,47945443548.246,NA,54.911,49.3929380878072,18.8638440118915,3.02029057828843,1807094,32.3366168711056,57.126,14023193,26.440128326416,60.149,39.851,Sub-Saharan Africa,Lower middle income
Zimbabwe,81.2300119889415,9563.536,77.4697036743164,54.471,NA,NA,52.3890087133694,4.059,2.72699580336666,27956299245.4411,43.2,51.117,47.6109912866306,33.3315652061523,1.53639080596533,1479559,34.7554343868465,52.896,12894316,36.9,66.985,33.015,Sub-Saharan Africa,Lower middle income