OBJECTID,X,Y
1001,-82.162198,35.4255736
1003,-81.9292728,35.356019
1004,-81.9061226,35.288096
1006,-81.8696866,35.3327841
1007,-81.7581282,35.3271265
1009,-82.2480633,35.4407998
1010,-81.7731779,35.4845174
1011,-80.2647773,36.0006328
1012,-82.1516622,35.4485504
1013,-80.5189917,36.1147939
1014,-75.6919683,35.9202521
1015,-75.6139324,35.9340355
1016,-75.5807849,35.2612916
1017,-81.9303112,36.0224951
1018,-81.8716175,36.1631318
1019,-78.3643802,35.3153398
1020,-78.4960558,35.752587
1021,-80.1646039,36.1409624
1022,-80.5034191,35.2416461
1023,-78.7978574,35.5816642
1024,-80.6730712,35.3755656
1025,-80.6287166,35.48931
1026,-80.5833961,35.3658637
1027,-79.864423,36.2263362
1028,-79.9847188,36.241421
1029,-79.6786774,35.9408933
1030,-79.8305644,35.9435475
1031,-79.8984388,35.9639658
1032,-79.564642,36.2167519
1033,-77.6287936,34.366158
1034,-79.7586663,36.2296762
1037,-79.9662894,35.9552557
1038,-80.0241107,35.9393195
1039,-79.9792818,35.9786374
1040,-79.9878129,35.9310305
1042,-80.0340222,35.9542422
1043,-79.9400446,36.0406723
1044,-79.971256,36.0311359
1046,-79.5400133,36.1071652
1047,-79.5697646,36.1603051
1048,-79.4724049,34.7560757
1049,-80.2597267,35.8455073
1050,-79.9829342,36.055712
1051,-79.7416294,36.0644959
1052,-79.6404815,36.0756383
1053,-79.7132144,36.1530926
1054,-79.8136521,36.1425118
1055,-79.9013791,36.1983146
1057,-81.911319,35.345798
1058,-79.6889666,35.986171
1060,-77.4025255,34.545372
1061,-78.361427,35.5256097
1062,-78.3777993,33.9813376
1063,-78.5025573,34.952159
1064,-78.4567492,35.9217736
1066,-80.4178988,35.5535142
1067,-80.4816734,35.476232
1068,-78.7872031,35.8808114
1069,-78.6408765,35.7759944
1070,-78.586779,35.8235454
1071,-78.7055947,35.8180349
1072,-76.7294554,35.8626911
1073,-80.8893915,35.0861829
1074,-79.469057,35.200516
1076,-79.999859,36.1719774
1077,-81.1421031,36.1735881
1078,-81.2179253,35.661765
1079,-81.3755318,35.6250295
1080,-81.2238736,35.66347
1081,-77.2066878,35.2008865
1084,-84.0340605,35.0870877
1085,-80.3684342,35.4391402
1087,-80.6214686,36.5039442
1088,-80.6201701,36.4777798
1091,-80.5723746,35.8990684
1092,-80.5034147,35.241642
1093,-77.2318206,34.9059882
1094,-79.3468845,34.736223
1095,-80.7014502,35.168206
1096,-82.1609337,35.6435893
1097,-79.9571551,36.3872963
1098,-78.139204,36.1334119
1100,-81.2387193,35.4909171
1101,-79.572811,35.9363476
1102,-80.2428707,35.8313732
1103,-80.2621956,35.8114444
1105,-80.2505781,35.8225504
1106,-80.4178625,36.0949097
1108,-82.7024795,35.6567655
1109,-81.4959942,36.5546822
1110,-82.162202,35.4255723
1111,-75.9249874,36.5074784
1113,-80.5509753,35.497091
1114,-80.6134449,35.5065405
1115,-77.274906,34.7955748
1116,-77.4011167,34.7960246
1117,-77.4219003,36.3902774
1118,-80.8429494,35.4250013
1122,-79.073016,36.0202158
1123,-79.1007448,36.0633602
1126,-82.4678392,35.3209867
1127,-82.4708254,35.3285391
1128,-78.3904869,36.3449555
1129,-79.3634088,36.0916777
1130,-77.6859598,34.3867447
1131,-77.6820041,36.1811044
1132,-81.4479122,35.1708577
1133,-77.229754,35.6226424
1134,-77.2991087,35.5535269
1135,-79.9347533,36.1279003
1136,-79.8614073,35.9930648
1137,-79.7678874,36.0857281
1138,-79.8869606,36.0599771
1139,-79.3967521,36.0588251
1140,-77.9971484,35.3805684
1142,-76.6991799,36.4500786
1143,-77.9721143,35.5480043
1144,-83.3791459,35.1821382
1146,-79.0521563,35.0309647
1147,-79.0216751,34.9840496
1148,-78.8827158,35.0410398
1149,-78.9024727,35.1224341
1150,-78.9348812,35.0137582
1151,-78.9605311,35.0394887
1152,-77.59119,35.6028791
1153,-77.5114796,35.69699
1154,-78.2409382,35.2033758
1155,-82.3097329,35.530149
1157,-77.8627208,35.8064607
1159,-80.8477907,36.2600505
1160,-76.2178065,36.3243126
1162,-76.655315,36.226145
1164,-78.838099,35.9469271
1166,-78.6118147,35.3072682
1167,-77.3344355,35.2902338
1168,-80.7080986,36.3786653
1169,-80.1772207,35.6163053
1171,-79.7618085,35.070624
1172,-81.9824499,36.1568989
1173,-76.2178324,36.3243352
1174,-76.0762112,36.4509563
1175,-77.2296995,36.4355004
1176,-77.5076581,35.005597
1177,-82.2121555,35.2387507
1178,-80.9325913,35.2133455
1179,-78.7806239,35.7737209
1181,-82.3318661,35.9163611
1182,-77.9258336,34.5518112
1183,-81.6666801,35.2712924
1184,-76.949183,35.3701477
1185,-78.7817867,34.544834
1186,-77.7779226,34.9256947
1187,-77.3614489,35.745766
1188,-77.4807112,35.6049968
1190,-82.5839581,35.5926403
1191,-79.6591894,36.1065825
1192,-80.0064746,36.0687235
1193,-78.4405977,35.8446003
1195,-79.9010764,36.0170797
1196,-75.9444248,36.3581617
1197,-79.9609292,36.0936024
1198,-79.9273575,36.0823497
1199,-79.8923342,36.0989934
1200,-79.8306645,36.0216829
1201,-79.7616453,36.131126
1202,-79.8227439,36.1191963
1203,-79.792926,36.0419715
1204,-79.8626813,36.0369242
1205,-79.8635177,36.0916588
1206,-79.8219213,36.0487183
1207,-79.7604016,36.0868562
1208,-80.5535577,35.379345
1209,-79.8421777,36.1450599
1210,-79.8143604,36.0902447
1211,-79.7848997,36.0670175
1212,-80.6070259,35.398505
1213,-81.2525654,35.2459501
1214,-81.1890764,35.2785816
1215,-80.6197897,35.4460572
1216,-80.6308372,35.4836893
1217,-80.6063835,35.4637607
1218,-80.0863103,36.0781647
1219,-79.5057437,35.8570613
1220,-80.523508,34.9796025
1221,-81.982061,36.1580967
1222,-79.4834735,35.9766893
1223,-80.385373,36.0426136
1224,-81.3283517,35.7735725
1225,-76.6565981,34.716986
1226,-81.2790651,35.7036476
1227,-81.8769511,36.1642099
1228,-81.3879654,35.7425267
1229,-81.3126882,35.7413925
1230,-78.3114373,35.8221439
1231,-80.6293675,35.8112321
1232,-77.4015664,35.5283173
1233,-80.2552776,36.0684548
1234,-80.234844,36.1009242
1235,-80.232509,36.1274025
1238,-80.2573911,36.1448555
1239,-76.9517222,35.9964959
1240,-77.9510742,35.6836089
1242,-77.9474568,34.2385853
1243,-78.7088056,34.3464521
1245,-79.5728501,35.2711329
1246,-77.5969186,36.4273121
1247,-82.5092925,35.6945696
1249,-83.0032399,35.4711241
1251,-80.0680161,34.9709116
1252,-79.2803234,35.2553951
1253,-79.8894913,35.3643914
1255,-80.0091623,35.7492248
1256,-77.3552001,35.0634589
1257,-77.4525244,35.0872275
1258,-81.1731385,35.9212261
1259,-81.1350074,35.9150826
1260,-78.6624182,35.870641
1262,-78.8680586,34.152916
1263,-80.4826515,35.6243433
1264,-77.398021,34.7539455
1265,-79.5135137,36.1793622
1266,-79.4284718,35.8822039
1267,-76.7686379,36.2006209
1268,-77.5511348,34.695915
1269,-79.7467734,36.5115823
1270,-78.7729027,35.8187543
1271,-80.1880726,35.1975463
1273,-77.6755249,35.5355438
1274,-82.8125008,35.4191129
1275,-77.9625675,34.9641488
1277,-80.6124302,35.7130678
1278,-79.7542901,36.1492457
1279,-78.7407282,35.1620775
1280,-78.966081,35.2505837
1281,-81.3348226,35.732859500000004
1282,-79.8167673,35.7017126
1283,-79.6027198,35.9951336
1284,-81.4312295,35.5021104
1286,-81.0354205,35.5345916
1287,-78.2041228,35.5627019
1289,-79.0656293,34.9917945
1290,-80.8263267,35.6230262
1291,-80.4342992,35.6835523
1293,-80.4635397,35.5876942
1294,-78.9899077,36.3901781
1296,-80.006195,35.9503277
1298,-81.1487839,35.7124673
1299,-80.9325914,35.2133485
1300,-82.7295205,35.2398673
1301,-80.0837941,35.8750358
1303,-79.7821932,36.0971027
1304,-80.99399,35.480223
1305,-79.5803594,35.8517852
1306,-81.077145,35.7038328
1308,-81.2009782,35.7030579
1309,-80.5466278,35.4206465
1310,-79.8141166,35.6974517
1311,-79.9403322,35.8941335
1312,-78.857411,35.7283661
1313,-83.8235885,35.1985997
1315,-80.1538509,35.3633965
1316,-80.213721,35.3412045
1317,-80.2096888,35.3093565
1318,-80.2020647,35.3985075
1319,-80.1718569,35.3500084
1320,-76.9930002,36.2913865
1321,-79.4292924,35.1344669
1322,-76.9338338,36.3943391
1323,-76.9470705,36.3963108
1324,-77.9504631,35.7203544
1325,-76.9607008,35.5165775
1328,-77.9932678,34.738065
1329,-77.5418455,35.895816
1330,-83.2319481,35.3724126
1331,-76.3175165,35.4212633
1333,-77.3563932,34.5230479
1334,-80.8884278,35.780652
1335,-78.0181803,33.9864758
1337,-82.5732986,35.4709792
1338,-81.5562016,35.2923501
1339,-77.8468159,35.2257171
1340,-78.2818059,35.5365278
1343,-76.8904265,34.6874449
1345,-78.9958696,36.3926104
1346,-79.2896646,34.5386438
1348,-79.7571207,34.9290267
1349,-77.6471331,36.4388163
1351,-79.2185185,34.9797176
1353,-79.7625763,35.9634141
1356,-77.7445748,35.0523389
1357,-76.8576964,35.6025322
1359,-78.5691026,36.4469597
1360,-80.7333908,35.2844576
1361,-77.0989836,36.4457692
1364,-81.7199271,35.7592624
1365,-80.8083088,35.583804
1368,-83.0775924,35.5118235
1369,-79.0833959,34.6533617
1371,-81.5753047,35.4158378
1372,-79.458537,34.7825589
1373,-80.3622869,36.2835955
1374,-80.0742709,36.126803
1376,-80.0456973,36.0988121
1377,-78.1240173,35.5955944
1378,-77.4366363,36.4094805
1380,-77.5863971,35.4241993
1382,-76.474302,36.1784174
1385,-78.2018096,34.7282584
1387,-79.3290861,35.5892215
1388,-77.9971487,35.3805609
1389,-81.2224073,35.2625944
1390,-81.1944497,35.2720998
1391,-77.6409682,35.6720607
1392,-81.8303966,35.3324811
1393,-83.0776173,35.5117375
1394,-80.616256,35.4503717
1395,-80.5964397,35.4293521
1397,-80.4595279,35.3128374
1398,-80.5418858,35.3614269
1399,-80.6114036,35.4405378
1400,-80.0168118,36.1136458
1401,-82.9364851,35.5964122
1402,-80.377992,36.0229612
1403,-78.4652645,35.653485
1404,-78.6578102,34.4903299
1405,-77.0930382,35.5085815
1407,-81.3756502,35.383722
1408,-80.6420131,35.179042
1409,-80.843512,35.0921946
1410,-80.8351809,35.2824527
1412,-80.8263767,35.2105118
1415,-78.8266268,34.294033
1417,-77.3581218,34.7230487
1418,-79.4156589,36.2042943
1419,-79.3283061,36.1866306
1420,-82.7282631,35.244925
1421,-81.6889755,36.2206441
1423,-81.6711515,36.1312787
1424,-82.3212236,35.6188004
1425,-78.5419249,35.3807016
1426,-81.0609451,35.2393949
1428,-81.8801559,36.1963243
1429,-82.1159528,35.9644663
1431,-78.1144979,35.8213289
1433,-77.4165101,35.4723065
1434,-78.5911892,35.1041327
1435,-76.6552209,34.7264936
1437,-82.5930484,35.6351123
1438,-82.5615155,35.7120172
1439,-82.4720647,35.6307072
1442,-80.6730667,35.3755567
1443,-75.7295734,36.1291352
1444,-80.8038226,35.5805208
1445,-78.9741879,35.1549835
1446,-80.4817184,36.3785726
1447,-78.9392803,35.1364967
1448,-79.0099102,35.1483778
1449,-79.0136928,35.1177659
1450,-78.4182303,34.3732226
1451,-76.3316349,36.4455845
1454,-79.7513681,36.3882647
1457,-78.5412968,35.8414648
1458,-78.7116754,35.8594774
1459,-78.6005376,35.8196881
1460,-78.6558716,35.8090324
1461,-78.6479268,35.7484128
1462,-78.7243921,36.4481494
1463,-78.5791641,36.1449281
1465,-75.6770726,35.9164203
1466,-75.7103441,36.0649946
1467,-75.7341224,36.0976922
1468,-79.8438366,36.2003973
1469,-79.1945912,34.6793833
1472,-78.9800157,34.8053665
1474,-75.768722,35.8928916
1475,-75.4660933,35.5843742
1476,-77.8907402,34.4341553
1477,-77.5770519,34.450254
1478,-80.5606592,35.7115408
1479,-80.5421412,35.0206531
1480,-80.6112496,35.0289156
1481,-77.6981927,34.6632774
1482,-75.671152,36.0300517
1483,-78.1704649,34.5272704
1484,-80.5518539,34.9841727
1485,-80.6789181,35.4359607
1486,-80.4332404,35.4120011
1487,-80.4174641,36.3205263
1488,-80.1410377,36.3045426
1489,-79.581939,35.737405
1490,-77.9692919,35.3830802
1493,-78.9808599,34.6056773
1494,-79.0022154,34.6564006
1495,-79.0389808,34.6191157
1496,-79.7913595,36.1518856
1497,-78.9474137,34.2174638
1498,-78.9838952,35.1701944
1499,-78.0683543,34.0320181
1500,-81.5360055,35.290577
1502,-77.7908589,35.9382489
1503,-80.4097562,35.5526317
1504,-83.809665,35.3249996
1505,-83.8094097,35.3250036
1506,-79.6647588,36.3571759
1507,-79.1671179,34.8062812
1508,-80.461899,36.3878527
1510,-76.9393265,34.7253462
1511,-76.8604762,34.7866441
1512,-77.9662632,35.9750327
1513,-84.0323373,35.0877505
1515,-77.8734326,35.1133312
1516,-76.7486682,34.7245606
1517,-80.5919563,35.8844284
1518,-75.6730486,35.9015966
1519,-79.0031778,34.6211807
1520,-78.3307074,36.0858532
1521,-81.5386429,35.9156482
1522,-79.4603499,34.7800107
1523,-80.6090369,35.5466291
1525,-77.961633,34.9629219
1527,-83.1983052,35.0540342
1528,-81.3442053,35.7263372
1529,-78.390706,36.3446461
1530,-80.8086316,35.9953896
1531,-77.4351959,35.372989
1533,-77.9692894,35.383086
1534,-78.0633247,35.42685
1535,-76.6388691,36.3635169
1536,-78.6251819,35.7086955
1537,-78.398032,34.7840968
1538,-78.4584134,36.1037113
1540,-78.4283699,35.4440887
1542,-82.3974333,35.5151801
1544,-79.5066964,36.0978337
1545,-78.6058605,34.6213886
1546,-78.5807517,34.7992308
1547,-78.9391103,36.120069
1548,-78.9297162,36.0360955
1549,-81.1783718,35.3140253
1551,-79.1121694,34.4882234
1552,-77.0304481,34.6642554
1553,-80.2311573,36.4174404
1556,-82.1979207,35.2499315
1557,-76.2467412,35.9278437
1558,-81.1518071,35.7105424
1559,-83.3136735,35.488365
1560,-83.1209717,35.1304435
1561,-82.3143805,35.9136118
1562,-83.4495984,35.4296683
1563,-77.0202582,35.1224509
1564,-81.6673149,36.2139074
1565,-76.7812347,35.1438658
1566,-76.7299983,35.4353115
1570,-80.2015768,35.3984601
1571,-80.7140865,35.3855822
1572,-81.7672235,35.245255
1573,-79.6949629,36.3361534
1574,-79.6529303,36.3352052
1577,-79.4322927,35.9249866
1578,-79.4949417,35.912032
1579,-79.4955855,36.112211
1581,-79.7177571,35.8443131
1582,-79.0235951,35.4367889
1583,-76.8160845,34.7404839
1584,-76.7215779,34.7232774
1585,-76.6056444,36.0680972
1587,-81.3287424,35.703599
1588,-79.1102401,35.3600362
1589,-76.9580568,34.6771344
1590,-81.3572179,35.7341536
1591,-79.3335255,36.4066897
1592,-77.8058937,34.2156607
1593,-80.5917807,35.7695678
1594,-77.4120681,35.5368639
1595,-76.945676,35.9990752
1596,-77.985646,34.3125691
1597,-82.5600284,35.6962774
1599,-81.5686672,35.7500001
1600,-83.179557,35.3112489
1601,-81.3800791,35.3776483
1602,-80.2187903,35.4412778
1604,-81.1953498,35.5929359
1605,-78.3142184,35.0080094
1606,-81.5616378,35.8991073
1608,-80.3269067,35.2233168
1609,-80.685233,35.72836
1611,-80.1179641,35.4042391
1612,-81.5376768,35.28965
1613,-79.542485,35.5641811
1615,-79.4611329,36.0212723
1616,-77.2234968,35.0067983
1617,-83.8192944,35.4353973
1618,-78.5534796,33.8981273
1619,-77.6980388,35.5986996
1620,-82.8383452,35.5368874
1622,-79.0517589,35.6159322
1623,-79.7844105,35.3976392
1624,-79.6654228,36.3300938
1625,-79.2708494,36.1018004
1627,-80.4341543,35.1934005
1628,-77.5710122,34.91016
1629,-78.2146914,34.3498689
1632,-80.8205787,36.4991532
1633,-77.7750724,35.4898866
1634,-78.9897477,34.6345249
1635,-77.3534576,35.0448014
1636,-83.4501357,35.4284493
1637,-80.8874435,35.2245194
1638,-76.9902501,36.0461855
1639,-80.6539022,35.4181066
1640,-80.6879719,35.3521921
1642,-78.4774641,36.0251233
1643,-80.6591215,36.135475
1644,-80.6714371,36.134149
1645,-77.2117011,36.3297897
1646,-80.2291135,36.1312693
1647,-76.9399634,35.9914593
1648,-77.9454768,35.7159238
1650,-77.9787599,34.6899809
1651,-79.3996466,35.2525298
1652,-78.3644245,35.7809681
1653,-82.9882546,35.4931062
1654,-78.1639148,36.4067976
1655,-80.0746401,34.9647928
1656,-77.1531582,35.2985742
1657,-79.8943528,35.3580321
1658,-78.4222982,36.4951015
1659,-77.1261539,34.6916385
1660,-80.9102163,35.8092654
1661,-77.8235508,35.6063875
1662,-80.3627623,35.319284
1663,-81.1209644,36.5078099
1664,-81.1240731,36.50821
1665,-78.0188649,33.9197697
1666,-77.668872,35.4537593
1667,-77.6843799,35.452872
1668,-78.3445948,35.5099169
1669,-79.4611287,35.722403
1670,-77.4280945,36.1286474
1672,-80.4832961,35.62861
1673,-78.9735808,34.8055545
1674,-81.9422975,35.3750872
1675,-77.7385435,35.9319751
1676,-77.253705,35.8236997
1679,-79.5864241,35.4339392
1681,-77.6486366,36.4685089
1683,-79.1613914,35.7194295
1684,-79.181387,35.7208351
1685,-79.190843,34.6815005
1686,-79.0122656,34.9029445
1687,-78.5009356,36.4309974
1688,-79.0481159,35.3419357
1689,-75.9775753,35.1119046
1690,-80.1188945,35.2232431
1691,-81.1568277,36.1588368
1692,-78.358148,35.2441147
1693,-81.2232198,35.6472451
1694,-76.8168209,34.7406811
1695,-81.888085,36.0339591
1696,-81.9281167,36.0881605
1697,-77.0209576,35.0707177
1698,-77.0698554,35.11416
1700,-77.1800518,35.0718111
1701,-80.5234147,34.9769456
1702,-80.7194488,35.1252344
1703,-82.6586395,35.8056064
1704,-82.0042911,35.6830531
1705,-78.9360406,35.4202138
1706,-79.004229,34.6397504
1707,-79.0530545,34.58674
1708,-78.9842907,34.6845281
1709,-77.9468279,36.4615148
1710,-81.2561069,35.4739172
1711,-81.2460527,35.5065253
1712,-77.1769527,36.1229277
1713,-78.0484885,34.3180896
1714,-79.4903403,34.7605151
1715,-77.5837058,35.2708627
1716,-81.3371621,35.2438568
1717,-81.4807017,36.4228117
1718,-76.8976851,35.8107608
1719,-77.9547557,36.2476142
1720,-82.4538197,35.3158362
1722,-77.2046327,35.9395969
1723,-77.6683416,36.3631347
1724,-80.4473823,35.6144396
1725,-81.4151555,35.7899104
1726,-79.4008847,36.0650473
1728,-81.1786002,35.2578594
1729,-77.6427326,36.4958864
1730,-77.6635513,35.4423004
1731,-78.5094357,35.9692076
1732,-78.7938553,35.8546131
1733,-78.592412,36.3260769
1734,-78.3229522,34.9942578
1735,-79.7123452,35.9126947
1736,-80.7095635,35.8111067
1737,-83.3106326,35.4943117
1738,-80.948183,35.100319
1740,-79.4070941,35.3401194
1741,-82.8551681,35.5041577
1742,-78.7753666,36.1380964
1745,-82.4508221,35.7733913
1747,-76.7391944,34.7008417
1748,-80.2589905,35.7700886
1749,-80.5959509,35.3605173
1750,-81.1985001,35.749375
1751,-80.3127729,35.614694
1752,-78.6839249,35.7806255
1753,-81.3075202,35.8206523
1754,-82.5323322,35.5641753
1755,-77.6630573,35.4290235
1756,-78.7231378,36.1451292
1757,-78.7079517,35.8059337
1758,-78.590041,35.8490882
1759,-78.6427732,35.853824
1760,-78.6849828,36.1201578
1761,-79.5734565,35.8529135
1762,-80.5813584,35.4118896
1763,-81.2330816,35.7172557
1764,-80.9937787,35.4793997
1765,-78.635367,35.8089066
1,-76.6284675,35.6829459
2,-80.8927733,35.1294934
3,-80.856199,35.2651782
4,-78.3069429,36.4603594
5,-77.6463007,36.5013957
6,-80.6744212,35.0651481
7,-83.8389632,35.2011594
9,-80.6134142,35.5446158
10,-80.00391,35.9427674
11,-81.0940992,35.3518963
12,-77.6390076,35.790248
14,-83.8279185,35.0379575
16,-81.778768,36.2568704
17,-75.47023,35.5456392
18,-77.0748973,34.6914153
19,-78.2934084,36.1044763
20,-79.1865084,35.4662222
21,-78.5104275,35.8826631
22,-81.3692217,35.2391951
23,-80.8580663,35.2109249
25,-78.0509375,35.961446
26,-78.9005739,36.0346831
27,-80.5773078,35.5720286
28,-79.5503871,35.7928872
29,-80.8636114,36.0885855
30,-78.4236112,34.7493368
31,-79.291008,34.8103456
32,-79.3527299,36.3158175
33,-79.2405185,36.5021259
34,-81.003624,35.7824333
35,-82.3684952,35.6682016
36,-82.3360386,35.6047787
37,-82.8115679,35.6736253
38,-84.0378043,35.0847375
39,-78.5278621,34.5147083
41,-82.5676674,35.7591697
42,-76.6922363,36.1822337
43,-79.3446701,34.7426979
44,-79.1955703,34.703538
45,-79.8058246,35.7573298
46,-79.6933821,35.7445005
47,-79.642748,35.7981704
48,-80.5596765,34.9237963
49,-80.4313562,34.8388724
50,-80.6995433,34.9952054
51,-79.0096377,35.1710655
52,-78.7963976,35.0332863
53,-78.7705466,34.9392568
54,-81.000927,35.3731924
55,-78.9267885,35.0299518
56,-80.3775471,35.8103844
57,-81.4884131,35.275968
60,-79.0231021,34.95316
61,-78.3075832,33.910898
62,-78.9234196,35.0710385
63,-81.3429417,35.2372728
64,-78.9856967,35.0878828
65,-81.1524434,35.1964003
66,-78.1447919,34.06438
67,-78.4263128,33.9869401
68,-78.2629611,33.9321008
69,-78.8945651,35.077997
70,-78.8666145,35.0489973
71,-78.8850593,35.1314419
72,-78.9026052,34.9979155
73,-78.9958664,35.0231976
74,-78.8547525,35.1822029
75,-78.748091,35.2552634
76,-80.2156,35.9529739
77,-81.1004405,35.2654322
78,-81.0969671,35.3677139
79,-78.7054641,34.3219285
80,-78.4163912,33.961219
81,-78.41639,33.96122
82,-78.9592656,34.9735117
83,-80.1184249,35.6307563
84,-78.066523900000007,35.7013154
85,-81.0717568,35.2361049
86,-81.0424484,35.3135207
87,-78.6896751,35.0121274
88,-78.6952937,35.0629077
89,-78.6607162,35.2003611
90,-78.9512163,35.0594851
91,-78.3231461,33.920449
92,-83.9596729,35.0426773
93,-84.0755221,34.998751
94,-83.8946254,34.9948519
95,-84.1379519,35.193713700000004
96,-81.4329334,35.3609631
97,-81.488414,35.2759681
98,-83.9212039,35.1791232
99,-83.7291505,35.1853752
100,-83.9442822,35.0920331
101,-84.1260319,35.0229008
102,-83.6609047,35.023538
103,-81.6660951,35.2476053
104,-76.7531829,34.7330277
105,-77.0959847,34.6479589
106,-81.0733956,35.2034915
107,-81.0350997,35.2359999
108,-81.2856404,35.2858619
109,-81.322482,35.3391131
110,-81.2318415,35.3283663
111,-76.6810832,34.6968814
112,-81.0545581,35.2774978
113,-78.8852461,34.9916222
114,-78.9013284,35.0575378
115,-79.0120885,35.0528432
116,-81.5609251,35.2878745
117,-78.8978285,35.1017855
118,-81.6431134,35.4139914
119,-79.056086,35.0570546
120,-84.1699686,34.989365
121,-84.0443833,35.1567257
123,-80.5974138,36.0665236
124,-81.6852427,36.219095
125,-80.5088762,35.0916597
126,-78.2594764,35.2703277
127,-80.585323,34.8746161
128,-80.7868348,34.989797
129,-80.7432161,35.0359158
130,-83.7242326,35.2283695
131,-80.7868356,34.9897973
132,-78.2788302,33.9265592
133,-81.5290384,35.2219827
134,-75.8656046,36.5170882
136,-78.2359967,36.436743
137,-79.8759264,35.8400171
140,-81.886007,35.4563459
141,-80.7153137,36.3859764
142,-80.789168,36.398277
143,-80.7794919,36.3341446
144,-80.740212,36.5114279
145,-80.6395426,36.5433952
146,-80.6347551,36.4995477
147,-80.6096204,36.4933317
148,-81.0036685,35.1451374
149,-80.7765192,35.0943151
150,-80.6053154,36.5149115
151,-80.3704903,35.1324912
152,-77.0528838,35.547344
154,-80.8475187,35.5396264
155,-80.9402765,35.8689782
156,-81.4276894,35.7152165
157,-80.8530455,35.8530421
158,-80.7720189,35.9567871
159,-80.8623004,36.0219879
160,-80.8144863,35.756605
161,-80.8049908,35.8072128
162,-78.1629213,35.4692116
163,-82.9118876,35.5325818
164,-82.9118826,35.5325824
165,-81.5240965,35.7497285
166,-81.3052761,35.4207835
167,-81.2584799,35.4719082
168,-81.1166386,35.5399216
170,-80.9435466,35.8067559
171,-80.9895343,35.4427519
172,-78.5794596,35.5120924
173,-82.9553133,35.682728
174,-80.9190554,35.7865058
175,-80.8585238,35.779634
176,-80.8089479,35.5518636
177,-80.1180045,36.1335051
178,-81.6525012,35.727429
179,-81.7790483,35.7284606
180,-77.7412592,35.9030021
181,-78.6586886,36.2572297
182,-77.3551992,35.063459
183,-81.3595229,35.5140283
184,-81.035423,35.5345916
185,-80.7498647,35.8318111
186,-83.2926833,35.3987203
187,-77.6387081,35.7903027
188,-80.8068589,35.5860161
189,-81.8959252,35.9745417
190,-78.552785600000007,36.1073389
191,-83.2049542,35.327721
192,-80.908383,35.5674219
193,-80.8689477,35.5919308
194,-80.8889544,35.7815633
195,-78.9130808,36.0886056
196,-82.8406658,35.5326432
197,-80.8404869,35.9516033
198,-80.7873947,35.5864202
200,-81.0868067,35.4627603
201,-77.2234963,35.0067997
202,-80.2794828,36.1701775
203,-79.1975382,35.2491969
204,-80.4817205,36.3785718
205,-79.7427197,36.3846486
206,-79.8865655,36.1326456
207,-79.6153021,36.1587653
208,-78.7212268,36.2000118
209,-77.9808016,35.4355462
210,-78.3963723,36.0209372
211,-81.1921071,35.9697341
214,-81.0911781,35.9021122
215,-79.5862119,35.4338828
216,-77.9076602,36.0392233
217,-79.4063882,35.3278037
219,-78.7999534,35.357664
220,-80.7747424,36.1226579
221,-80.6575919,35.2438573
222,-81.306201,35.8413117
223,-81.2620175,35.9212248
224,-81.2630975,36.4125512
225,-81.3033024,36.5491505
226,-79.9865309,34.9682816
227,-80.2650612,34.9932465
229,-81.4822111,36.4249887
230,-81.4940521,36.3966304
231,-80.598545,35.3722168
232,-80.6627483,35.3243861
233,-77.0736688,35.5599795
234,-80.0997154,36.0860662
236,-78.4882275,35.8021352
237,-78.5512463,35.2432715
238,-77.9905443,36.0905397
239,-79.1945569,34.5746311
240,-80.1430098,34.8664191
241,-81.044737,35.86132
242,-81.1730403,35.9214232
243,-77.1139583,36.2294081
244,-76.9323127,36.2251379
245,-76.9519258,36.0830599
246,-78.7298956,34.6552965
247,-78.7906964,34.737734
248,-78.8763054,34.8096939
249,-78.4867601,36.036251300000004
259,-78.1938998,36.2071892
260,-78.2982905,36.0978636
262,-78.1683352,36.053348
263,-80.0856134,35.8810749
264,-79.9553589,36.1524761
265,-79.7927305,36.1920029
266,-81.1081629,36.0074293
267,-81.1844839,35.8400271
268,-81.380585,36.3456786
270,-81.4823901,36.4073761
271,-79.9358361,35.9977992
273,-79.5637552,36.0701998
274,-80.0780109,35.8502499
275,-80.0182051,35.5552478
276,-78.4840781,35.1966821
277,-77.9070952,36.4366681
278,-77.6177903,36.4318762
279,-77.7706268,36.0481143
280,-77.8151722,35.9657384
281,-77.7871401,36.00448
282,-77.8485205,35.9525646
283,-77.8050297,35.935754
284,-77.7539665,35.9467723
285,-77.5742411,35.8956648
286,-78.3220745,34.4660014
287,-78.6114586,34.627404
288,-77.8202098,35.6057277
289,-78.0088824,35.6451878
290,-77.96362,35.3449229
291,-78.0743604,35.4140834
292,-77.9204445,35.3891583
293,-77.9839344,35.4954453
294,-76.9187894,35.132915
295,-76.651632,35.1434468
296,-76.8252675,35.0249535
297,-77.4761404,34.5245855
298,-77.5114068,34.7466998
299,-77.522745,34.8270578
300,-77.3702287,34.794094
301,-77.3208525,34.7216707
303,-77.6276644,34.7770846
304,-77.4285615,34.7538375
305,-77.2571424,34.7111005
306,-77.5514662,34.6955112
307,-77.4624418,34.832908
308,-77.2350252,34.8868699
309,-77.9184943,34.2881585
310,-77.9387802,34.2364961
311,-77.8258081,34.2604038
312,-77.8154891,34.2767262
313,-77.8958029,34.1346703
315,-77.9010624,34.3500458
316,-77.3027913,35.9642949
317,-77.034242,35.7386073
321,-77.5096105,35.2168473
322,-75.9790002,35.112731
323,-76.0065555,35.5098453
324,-77.0982337,36.2471378
325,-77.0065934,36.5013565
326,-77.5953902,36.4266372
327,-77.4209457,36.1299455
328,-77.6547425,36.4618851
329,-77.7035949,36.4093471
330,-77.3972309,36.029898
331,-76.6044417,36.3467516
332,-76.7514566,36.4026532
333,-76.7709208,36.5029953
334,-77.5376802,35.8987838
335,-77.4569686,35.8191519
336,-78.0921519,34.9981028
337,-75.5422813,35.2676446
340,-76.6109249,36.0686287
341,-77.128818,34.7882382
342,-76.4159505,34.8551792
343,-76.5999109,34.9601664
344,-76.8242623,34.6951399
345,-76.3400583,34.8815179
346,-78.0882329,34.148807
347,-78.512035,33.8838927
348,-78.0942098,33.9430554
349,-78.3787495,33.9254944
350,-78.439915,33.8998802
352,-78.009711,34.2563821
354,-78.4377088,34.4396713
355,-76.9393837,36.1090637
356,-76.7851067,35.6760048
357,-82.4766022,35.5516868
358,-77.8672818,35.3866384
359,-78.0623237,35.2013026
360,-78.0473034,35.3358304
361,-78.0708489,35.4689918
362,-77.9019673,35.3399051
363,-77.9808894,35.2984324
364,-77.9025228,35.4893148
365,-76.3944749,35.8695982
366,-76.6223017,35.8749396
367,-76.4656051,35.8302764
368,-78.2619446,34.8737578
369,-78.3975584,34.7852066
370,-77.5845669,35.5975851
371,-77.1391542,35.5883386
372,-77.5130942,35.591233
373,-76.5520995,36.2675606
374,-76.4731289,36.1901747
375,-76.4793412,36.1117471
376,-77.9790681,34.6897101
377,-77.8822661,34.4431697
378,-79.993062,35.9977179
379,-79.1495376,36.4988225
380,-80.5657732,35.0070778
381,-81.431378,35.7712304
383,-81.4399003,35.8025862
384,-81.3704249,35.8186461
385,-81.4029402,35.9069117
386,-81.5923471,35.8740097
387,-81.5636753,35.9985349
388,-81.482953,36.0280841
389,-79.2142321,36.403681
390,-79.2060939,36.5385093
391,-79.4743693,36.502645
392,-79.2145497,36.2984845
393,-79.4667768,36.3068848
394,-81.0754468,35.7090739
395,-81.0912346,35.6412298
396,-81.1796285,35.7893443
397,-81.2493574,35.7710112
398,-81.2774568,35.7547987
399,-81.3783038,35.6805079
400,-81.3790741,35.729356
401,-81.2151113,35.5765131
402,-81.2271845,35.6835945
403,-81.1273287,35.5838184
404,-81.4767858,35.5888242
405,-75.9249884,36.5074782
406,-77.0292748,34.6664339
409,-75.8133552,36.3317305
410,-80.1872187,35.8161513
411,-80.2636182,35.6595053
413,-79.5036657,36.389321
415,-81.4743155,35.8248587
418,-75.7961952,36.2764543
419,-78.3284845,33.9674894
420,-79.1160107,35.8458776
421,-78.1142592,33.9108224
423,-79.016348,35.8153315
424,-79.0954287,35.8012321
425,-76.1743006,36.5235887
426,-81.9298831,36.0880541
428,-81.5171219,35.8787766
429,-81.4134387,35.9826621
430,-79.210862,35.8475868
431,-78.5664392,33.8928183
432,-81.5428519,35.9375602
433,-81.537501700000007,35.914891
434,-79.4585396,34.7825582
436,-76.2990768,34.9744911
437,-76.0761865,36.4509501
438,-80.7500572,35.3030355
439,-80.8222063,35.2026369
440,-80.8390068,35.087594
441,-80.7823435,35.1382836
442,-80.8613575,35.2371806
443,-80.7643033,35.3741654
444,-80.7752435,35.2375011
445,-80.9650832,35.315206
446,-80.8343753,35.2227554
447,-80.87508,35.1734967
448,-80.0144661,36.0175803
449,-80.7974213,35.1758612
450,-80.7610345,35.0646325
451,-80.805152,35.2470829
452,-80.7177382,35.2757937
453,-80.8920309,35.2576343
454,-80.911627,35.308022
455,-80.7958318,35.2891229
456,-80.8390761,35.2320801
457,-80.3273403,35.8502499
458,-80.7575718,35.1796068
459,-80.7235113,35.2194066
460,-80.8475814,35.1400005
461,-80.7613054,35.3377318
462,-80.136725,35.8784945
463,-80.7123631,35.3219311
464,-80.8327541,35.0357236
465,-80.8112828,35.2187288
466,-80.8671964,35.3255082
467,-80.9402233,35.1320412
468,-80.8500055,35.4982714
469,-78.5751684,33.9536691
470,-81.0121483,36.4317213
471,-80.8429061,35.4094742
472,-80.0239644,35.9803677
473,-80.7370021,35.1644593
474,-78.7646558,36.1397974
475,-79.8708523,35.8881914
476,-80.0011409,35.8978354
478,-82.2261751,35.3197786
479,-79.9401412,35.833489
480,-80.0072064,35.8615799
481,-80.8262402,35.3319025
482,-78.4090624,36.3231734
483,-79.2715162,35.3269709
484,-80.8915431,36.2594983
485,-81.2678051,36.0571555
486,-78.083273,36.4386662
487,-79.6540561,35.2926188
488,-78.218761,36.3131775
489,-80.8255805,35.0447881
490,-80.8246237,35.2516306
491,-77.405592,34.7333041
492,-81.0906738,36.2008829
493,-80.9401706,35.2649955
495,-81.1596223,36.1422491
497,-81.1690895,36.2222859
498,-81.1122054,36.152086
499,-81.0205065,36.2068825
500,-81.0402715,36.3393615
501,-81.0430663,36.1258475
503,-79.9565502,35.773842
504,-83.7972955,35.3178168
505,-77.4502548,34.5913565
506,-77.3162432,34.6519225
507,-77.444197,34.7182724
509,-77.338002,34.6708581
510,-77.3637541,34.5786183
511,-77.4574385,34.7337544
512,-77.354099,34.675791
513,-77.3405838,34.7273081
514,-77.4880357,34.6126887
515,-77.3780647,34.7090967
517,-78.0228257,34.8226614
518,-81.2241054,36.325928
519,-79.7732076,35.6931005
520,-79.8048635,35.8173595
521,-79.8065683,35.8893389
522,-80.628696,36.3455249
523,-79.1650499,35.2006466
524,-79.059099,35.963756
525,-79.0235259,35.9069506
526,-79.0300098,35.9348722
527,-81.1533882,36.1483066
528,-81.3330511,36.3702509
529,-79.5732375,35.2709334
530,-78.0575423,36.0808397
532,-78.2055337,35.7884173
533,-77.97058,35.9709825
534,-78.0878108,35.8656534
535,-77.8622813,36.1136109
536,-79.6494277,35.7330539
537,-78.3021542,36.3365429
538,-78.1826992,34.9976774
539,-77.6040873,36.5174228
540,-77.8260527,35.9059997
541,-77.8530842,35.97364
542,-80.6812917,35.0718723
543,-81.1200143,36.0724173
544,-81.255011,36.1165625
545,-81.0191248,36.1523376
546,-81.1116234,36.3490043
548,-75.8868235,36.2480908
549,-80.9887338,35.5225423
550,-78.2567596,35.959126500000004
551,-78.416883,36.3202257
552,-78.4811051,36.2846845
553,-78.441318,36.2226626
554,-77.9818265,36.2900116
555,-77.8459242,35.227054
556,-79.6584005,36.2096876
557,-79.7067995,36.0205094
558,-80.7253208,35.1134595
560,-78.6764683,35.3266486
562,-80.0016953,35.9659257
563,-78.3009237,35.7325415
564,-77.752875,36.0485169
566,-77.8737151,35.913915
567,-78.3999436,36.2763144
568,-79.874325,35.6321743
569,-78.1154567,35.9418403
570,-77.9905437,36.0905393
571,-77.8737135,35.9139148
572,-77.9505089,35.8806159
573,-78.1154587,35.9418418
574,-78.7395988,35.5116892
575,-78.8831685,35.3124887
576,-81.002587,35.0964378
577,-80.9357655,35.1921178
579,-80.9589818,36.3146095
580,-78.7953256,34.7353786
581,-79.7389655,35.6816179
582,-79.7746258,35.5411095
583,-80.6730868,36.3104129
584,-80.6029607,36.5494501
586,-80.3287599,35.1057092
587,-80.5088724,35.0916585
588,-80.4071127,34.9113384
589,-79.0730082,34.8898584
590,-78.0485267,35.5845938
591,-78.1547942,35.2067256
592,-81.1817551,36.0916395
593,-81.1350507,35.2213843
594,-80.8694988,36.5294565
595,-77.118485,35.605583
596,-78.8501962,35.988654
597,-80.4313562,34.8388773
598,-81.1620479,35.2704921
600,-80.6949246,34.8636886
601,-79.779459,35.3590137
602,-80.0018994,35.2139896
603,-80.1377517,35.5036821
604,-80.9413916,36.2185829
605,-79.4748954,35.1095534
606,-79.3788712,35.2429081
607,-78.6396141,34.9999064
608,-80.5328173,35.0426372
609,-79.9961795,35.6395386
610,-78.5981226,34.9156463
611,-81.3066608,36.2541832
612,-81.6533498,36.2025951
613,-79.2808798,35.2549544
614,-77.6328731,35.8589669
615,-79.9065273,36.4669215
616,-78.6845873,35.9427684
617,-78.8607849,35.7357667
618,-79.9723837,36.5326888
619,-78.1367197,35.1158759
620,-81.1843664,36.1626439
621,-79.8488445,36.3108753
622,-80.5700999,36.5126712
626,-78.8465983,35.8838304
627,-76.1904251,36.2622759
628,-77.0889393,36.3060613
629,-76.7865044,36.3014182
630,-80.4439461,36.0110694
631,-82.0564083,35.2259892
632,-82.1965546,35.2516615
634,-82.1621686,35.2992724
636,-82.241795,35.2118672
637,-78.9850991,35.9406262
638,-77.629885,34.3658826
639,-76.3262955,36.2349506
640,-77.6969795,34.3792567
641,-82.0047908,35.2106693
642,-80.5175858,35.8163811
643,-76.4407226,36.2142888
644,-78.7925883,36.025963
646,-82.0072353,35.6843917
647,-82.0096235,35.6835552
648,-82.0198082,35.6904788
649,-81.9988552,35.7308634
650,-77.4445462,35.5685163
652,-82.180096,35.6295122
653,-79.3178541,34.976562
654,-79.18666,35.0212125
655,-79.2456865,34.9902125
656,-79.1179503,35.0259652
657,-79.2053672,34.8800329
658,-77.2082841,35.9442187
662,-77.2990698,35.5540805
663,-77.2990998,35.5535403
664,-77.0621153,35.8441873
667,-79.1859979,34.9930767
668,-79.1511366,34.9257792
669,-81.96826,35.7015155
673,-81.9402421,35.7213768
675,-79.7744154,35.1259556
676,-77.2754566,35.5746505
677,-79.1300707,36.3296671
678,-82.8785417,35.8989501
679,-82.5697377,35.8253302
680,-79.1565069,35.4570907
682,-79.0583507,35.4629543
683,-79.1334566,35.604897
684,-79.2199086,35.4310411
685,-79.2198279,35.4813847
686,-79.116819,35.4151068
688,-79.0294484,35.9780894
689,-77.6958428,35.4029433
690,-79.060564,35.8853908
691,-79.0997037,36.0742403
692,-79.1933941,35.9801513
693,-79.1044869,36.1371541
694,-79.0710869,36.0140124
695,-82.5484027,35.8277049
696,-82.5458407,35.9167519
697,-77.6378021,34.7816363
698,-79.0571978,35.9159813
699,-82.8263033,35.8926371
700,-77.4719519,34.669488
701,-77.9102566,33.9999813
702,-77.4851546,34.7267643
703,-77.4298555,34.7702316
704,-79.7619697,35.0715077
705,-77.4489164,34.5597017
706,-79.6339843,35.1435017
707,-79.7457325,34.9886162
708,-79.7641217,34.9075591
709,-79.7718873,34.9370265
710,-79.113233,34.4944316
711,-79.1108296,34.4957826
712,-79.0296802,34.5415422
713,-78.9232911,34.5921363
714,-79.0089634,34.6222909
715,-77.3788507,34.7603177
716,-77.8390895,34.2093417
717,-77.860636,34.1834376
718,-77.8573067,34.2427571
719,-77.8909945,34.1875072
720,-77.8764251,34.208094
721,-77.9046001,34.2201441
722,-77.828292,34.2335963
723,-77.9243346,34.1980025
724,-77.2571421,34.7111014
725,-77.9224541,34.171738
726,-79.740064,34.9640868
727,-77.6045795,34.8319537
728,-77.4925225,34.4577824
729,-79.6894996,34.9777461
730,-77.8971933,34.2436404
731,-77.4011199,34.7960229
732,-81.9373652,36.2051508
733,-82.8741698,35.7680527
734,-79.555442,35.4649729
735,-79.0708258,35.909564
736,-81.9605415,35.3686805
737,-79.608868,34.7596709
738,-79.4424806,34.7003128
739,-80.1910812,35.3859622
740,-80.2162546,35.3548788
741,-80.3039607,35.3821476
742,-80.2221437,35.2289336
743,-78.8505715,35.7318234
744,-78.7074905,35.6722521
745,-78.770049,35.6941968
746,-78.7392609,35.7451421
747,-78.7882205,35.7026858
748,-78.7646669,35.7769393
749,-78.7797545,35.7415522
750,-78.8517806,35.7892333
751,-78.6358046,35.6923372
752,-78.6133662,35.7094998
755,-78.9316073,35.6733788
756,-78.5542384,35.7811579
757,-78.6423519,35.9454972
758,-78.6411629,35.6306681
759,-78.5071485,35.9747336
760,-78.5792553,35.9337988
761,-78.3780133,35.7902929
762,-78.3118086,35.8219928
763,-78.3546932,35.8850537
765,-77.8782517,35.541655
766,-77.9104031,35.3843007
767,-77.9871418,35.3648423
768,-77.9825881,35.4100673
769,-78.5327755,35.9417542
770,-79.3478779,35.3196704
771,-78.7231866,35.6200124
773,-83.6474683,35.2097571
774,-80.4250142,35.2578982
775,-78.8760973,35.824339
778,-78.7267659,35.8969509
779,-78.7209658,35.9301303
780,-78.6624184,35.8706406
781,-78.4405981,35.8446007
782,-79.5728503,35.2711341
783,-79.4690582,35.2005165
784,-79.3975457,35.2344019
785,-79.4225249,35.1418599
786,-79.3965655,35.1782106
787,-79.2803234,35.2553961
789,-78.457318,35.9225535
792,-81.3660554,36.2237475
793,-77.5845664,35.5975846
797,-80.5708025,36.4897215
799,-82.6548061,35.1494919
800,-79.9749216,36.3383305
801,-79.5473688,34.8134551
802,-80.8423209,36.2333807
803,-80.6626905,36.1407623
804,-79.9711102,36.3881409
805,-80.2272474,36.2860157
806,-76.2476863,35.9208405
807,-78.8470897,36.4851684
808,-82.7575972,35.2290917
809,-79.7403564,36.5020906
811,-80.5553139,36.4671082
812,-81.2349373,36.1876733
813,-78.2661062,36.4154528
814,-76.4935026,35.95071
815,-80.7077497,36.3801355
816,-79.6963659,36.5183335
817,-80.3293545,36.3530896
818,-79.6963659,36.5183334
819,-80.8477899,36.2600511
821,-78.0743643,35.4140845
823,-80.2778113,35.3040581
825,-78.9349363,36.0113615
826,-78.8650508,36.3888235
827,-78.9380109,36.4951113
828,-79.047294,36.4568975
829,-78.9506327,36.2841551
830,-78.6093472,35.9835221
831,-81.7763994,36.1568117
832,-81.8107142,36.1925316
833,-81.6564035,36.269996
834,-81.5602359,36.2020539
835,-80.8757359,36.3311673
836,-78.9142829,36.5033941
837,-79.0441101,36.5419416
838,-81.8494876,36.2957259
839,-78.1656089,35.2969584
840,-81.7614062,36.3252023
841,-81.5371906,36.2425709
842,-79.8655668,36.4495206
843,-79.6553515,36.435901200000004
844,-77.906059,36.5307908
845,-80.4998276,36.302791
846,-80.4469547,36.4736571
847,-78.092745,34.9979049
848,-77.8734321,35.1133348
849,-78.9308277,35.9835239
850,-77.7779211,34.9256976
851,-80.6211561,35.1151674
852,-80.6344285,36.4448595
853,-79.5453612,36.4470141
854,-78.1710535,36.4888134
855,-77.8206755,34.832477
856,-79.0513804,36.2727628
858,-79.7601757,36.5163831
859,-78.2195791,35.1388676
860,-80.7081944,36.2311299
861,-80.7444923,34.9307083
862,-80.5733169,35.0041907
863,-81.1172116,35.3986892
864,-81.0868068,35.4627607
865,-81.0501082,35.5030479
866,-78.5865894,35.7780206
867,-78.8970729,35.986475
868,-78.5014318,35.0219024
869,-77.6465321,36.4251894
870,-78.1557932,36.3956962
871,-80.7214394,36.0607534
872,-80.1774867,35.320389
873,-79.8275344,35.6335483
874,-84.2234702,35.1055869
875,-81.5199308,35.4793831
876,-80.5914377,36.2291163
877,-81.2025128,35.2352785
878,-80.1722668,36.1133379
879,-81.5306275,35.3025
880,-79.7123576,35.6451775
881,-76.7329947,35.8630173
882,-77.7528767,36.0485177
883,-79.6173252,36.3650025
884,-79.34059,36.2658872
885,-81.5306275,35.3026858
886,-82.0158945,35.980349
887,-81.4028829,35.2426117
888,-79.7304328,36.290328
889,-81.1345655,35.2406381
890,-78.5893451,36.3110673
893,-78.6424379,36.0345275
894,-78.7889304,35.7869883
896,-81.5609251,35.2878745
897,-81.1724722,35.2435617
898,-77.8958921,35.4387787
899,-77.5258834,35.8902971
900,-78.3812999,33.9745354
901,-80.1210349,36.1323259
902,-80.064497,36.1046097
903,-77.0595117,35.8521259
904,-78.7978578,35.581664
906,-79.0681542,35.2769019
907,-78.7316944,35.3987465
908,-80.5591334,36.4027665
909,-80.558153,35.2979752
910,-80.4486819,34.9836262
913,-78.3976463,35.1756578
914,-77.9076595,36.0392241
916,-80.155032,35.2484261
917,-80.3546182,35.2685537
918,-80.2180037,35.4386205
920,-81.9568902,35.8623245
921,-83.8235922,35.1986122
923,-77.853949600000007,36.0080932
925,-76.936954600000007,34.8005591
926,-84.0199921,35.1030669
929,-77.854004,36.4757891
930,-82.3825259,35.5431823
932,-79.3356481,36.4027985
933,-77.5054488,35.2118853
934,-78.1168948,35.7793199
935,-78.8666018,35.5170515
936,-78.8666028,35.517053
938,-82.5512844,35.5982647
939,-80.975604,36.067468
940,-81.6711517,36.1312749
941,-78.5157965,34.6430632
942,-77.9099437,34.2672952
943,-75.6404837,35.8427766
945,-79.1794374,35.4878553
946,-82.0417171,35.5849851
947,-79.4469823,34.9226389
948,-80.0284986,35.8624158
949,-78.9800457,35.1408306
950,-84.2228912,35.1050648
951,-82.8371981,35.5370005
952,-82.8551067,35.504293
953,-77.9630236,35.3874168
954,-78.1045569,34.5931563
955,-77.7755485,35.6540439
958,-80.6521786,35.2914685
960,-78.9119624,35.8952871
965,-78.5547591,35.73235
966,-78.5586258,35.9399885
967,-78.7966816,35.9018205
968,-78.5705974,35.897948
969,-78.5561837,35.810972
970,-78.6927604,35.7559866
971,-78.5710146,35.8564271
972,-78.6808742,35.8942215
973,-78.6732099,35.852662
974,-78.6078792,35.8668276
975,-78.5798295,35.7689658
976,-78.6130963,35.7417117
977,-78.7086618,35.7861452
978,-78.6127863,35.792604
979,-78.6617617,35.7883184
980,-78.6483785,35.8824268
981,-78.6319587,35.779483
982,-78.7017316,35.8158087
983,-80.309833,36.2016549
984,-80.2325323,36.1279714
985,-80.1856775,36.0762274
986,-80.1984433,36.1344974
987,-80.2359973,36.1620543
988,-80.2646331,36.0848613
989,-80.2292784,36.0496119
990,-80.2281636,36.094704
992,-75.6714628,36.0303916
993,-75.7563988,36.1828963
994,-77.4015711,35.5283199
996,-75.5111319,35.3521695
999,-82.1367001,35.4824309
