Country.Name,age_dependency,co2_kg_ppp_gdp,co2_kt,f_labor_force,f_lifeexp,f_net_enrollment,f_out_school,f_pop,fertility_rate,gdp_currentUS,gdp_energy_perunit,gdp_ppp_current,gini_index,m_lifeexp,m_pop,pop_density,pop_growth,pop_largest_city,pop_largest_city_perc,pop_lifeexp,pop_perc,pop_w_electric,rural_pop,urban_pop,Region,Income.Group
Afghanistan,102.07865885603,0.124553520543763,4206.049,43.7897987365723,61.326,NA,NA,48.6848683194576,6.373,10109218067.7904,NA,33769009351.4633,NA,58.626,51.3151316805425,42.4628189810986,2.26827714453847,3129844,48.4133624446718,59.93,27722276,42.4,76.68,23.32,South Asia,Low income
Albania,50.7527371212722,0.180389357094337,4374.731,45.657299041748,78.781,87.34731,10.63223,49.7476423585174,1.654,12881353984.6426,11.5770546919138,24251602591.5662,30,73.438,50.2523576414826,107.566204379562,-0.767342959142321,393529,26.7090495944053,75.912,2947314,100,50.009,49.991,Europe & Central Asia,Upper middle income
Algeria,48.9597767177929,0.259716176511085,110208.018,NA,75.563,96.48156,3.51844,49.4935993626831,2.728,170997541140.985,11.3846284978223,424340214308.123,NA,73.102,50.5064006373169,14.5820316239388,1.63619266255068,2370754,10.3274323060443,74.311,34730608,99.3,33.903,66.097,Middle East & North Africa,Upper middle income
American Samoa,NA,NA,NA,NA,NA,NA,NA,NA,NA,563000000,NA,NA,NA,NA,NA,287.46,-1.5070587415641299,NA,NA,NA,57492,NA,12.201,87.799,East Asia & Pacific,Upper middle income
Andorra,NA,NA,539.049,NA,NA,NA,NA,NA,1.25,4007353156.58415,NA,NA,NA,NA,NA,178.429787234043,1.41464777938348,NA,NA,NA,83862,100,10.996,89.004,Europe & Central Asia,High income
Angola,97.8407852704613,0.190470961803394,25709.337,NA,55.839,76.49962,23.50038,50.5055763288064,6.32,88538611205.1433,12.6457190699655,134977724460.369,42.7,50.826,49.4944236711936,17.4024496671212,3.71053132219744,4675223,36.9739247012709,53.243,21695634,31.245735168457,41.718,58.282,Sub-Saharan Africa,Lower middle income
Antigua and Barbuda,48.0273877621772,0.224433378015507,480.377,NA,76.838,NA,NA,52.3022694802914,2.005,1368431037.03704,NA,2140399098.59936,NA,74.13,47.6977305197086,194.084090909091,1.61846966116471,NA,NA,75.535,85397,100,72.595,27.405,Latin America & Caribbean,High income
Argentina,57.6695464060377,0.264324370643111,189107.19,48.4220008850098,78.323,NA,NA,51.3700806426442,2.366,361558037110.419,9.21229778477296,715436074017.297,45.3,71.513,48.6299193573558,14.6454877973026,0.992593129814448,13872267,38.2318637986302,74.952,40080160,97.4742202758789,9.47,90.53,Latin America & Caribbean,Upper middle income
Armenia,45.7750758049767,0.263186359015746,5559.172,48.6147994995117,76.004,NA,NA,53.1300051760635,1.712,11662040713.8753,7.03131948466227,21122568892.9699,29.2,69.602,46.8699948239365,102.1291886196,-0.856135015821493,1074162,58.0500084305732,72.946,2907618,99.3235092163086,36.36,63.64,Europe & Central Asia,Upper middle income
Aruba,43.9969313387035,0.681017084895109,2658.575,NA,77.14,NA,NA,52.3953749926008,1.759,2745251396.64804,NA,3903830107.88852,NA,72.235,47.6046250073992,563.1,0.134267963699872,NA,NA,74.725,101358,100,56.217,43.783,Latin America & Caribbean,High income
Australia,47.7459755436092,0.484816105690472,385904.079,58.5485000610352,83.7,NA,NA,50.0092887342209,1.984,1053995523724.26,6.28020228768103,795980320105.904,35.4,79.2,49.9907112657791,2.76599455892116,2.00402174031569,4032807,22.3427824981989,81.3951219512195,21249200,100,15.057,84.943,East Asia & Pacific,High income
Austria,47.8787129187929,0.200770906404414,69027.608,53.3849983215332,83.3,88.10305,3.14199,51.3256988380422,1.42,430294287388.311,10.2467024547687,343812802543,30.4,77.7,48.6743011619578,100.771345840527,0.313041437661508,1690624,35.0487329273051,80.4317073170732,8321496,100,42.034,57.966,Europe & Central Asia,High income
Azerbaijan,43.0866878307086,0.288402725088513,35503.894,NA,73.402,83.64021,13.76091,50.5536411841981,1.9,48852482960.0779,9.23997341396516,123105265351.094,NA,67.024,49.446358815802,106.059760040326,2.09985403259251,1945022,41.8849432546192,70.201,8763400,99.6846008300781,47.01,52.99,Europe & Central Asia,Upper middle income
"Bahamas, The",50.2995661756988,0.143672612618631,1496.136,NA,74.619,85.73088,14.26912,51.5098347299814,1.881,10526000000,NA,10413508689.8669,NA,69.367,48.4901652700186,34.3337662337662,1.84773342317548,NA,NA,72.022,343681,100,17.657,82.343,Latin America & Caribbean,High income
Bahrain,31.5853408036492,0.658362542955496,29768.706,NA,76.776,NA,NA,38.0930251335627,2.241,25710877659.5745,3.58410111893497,45216281391.6531,NA,74.994,61.9069748664373,1466.63289473684,7.32434245209723,250141,25.3489083819082,75.77,1114641,100,11.47,88.53,Middle East & North Africa,High income
Bangladesh,60.1865425543576,0.153743363571919,49511.834,NA,70.272,96.95468,3.04532,49.0203816987568,2.449,91631278239.3237,12.0253479563349,322042089165.293,NA,68.031,50.9796183012432,1108.5823692095,1.14565302181621,13719871,32.8210631679595,69.072,144304167,52.6142120361328,71.032,28.968,South Asia,Lower middle income
Barbados,48.8923991724241,0.337189213239609,1620.814,62.5200004577637,79.695,99.07809,0.92191,52.0282483050303,1.735,4784925100,NA,4806838227.20105,NA,76.576,47.9717516949697,651.037209302326,0.44607929391597,NA,NA,78.184,279946,100,67.744,32.256,Latin America & Caribbean,High income
Belarus,41.3631266581781,0.459647551264251,63105.403,54.9199981689453,76.5,NA,NA,53.4582303441659,1.488,60763483146.0674,4.91429548827787,137290849970.657,27.8,64.7,46.5417696558341,46.9590192212913,-0.345415054298517,1818556,25.8883848508428,70.4560975609756,9527985,100,26.274,73.726,Europe & Central Asia,Upper middle income
Belgium,52.0559766171109,0.257421517830371,104443.494,46.910400390625,82.6,98.06133,1.19428,50.9018102632176,1.85,515223524241.98,6.94512255935735,405729462246.522,28.4,76.9,49.0981897367824,353.697919418758,0.789976845480149,1896747,18.1539653950943,79.6804878048781,10709973,100,2.44499999999999,97.555,Europe & Central Asia,High income
Belize,68.7073520759676,0.190026735984786,436.373,NA,73.88,96.08432,3.80243,49.8787570643565,2.816,1368625150,NA,2296376863.70057,NA,68.461,50.1212429356435,13.4512494519947,2.57438521531331,NA,NA,71.059,306823,87.6081085205078,54.738,45.262,Latin America & Caribbean,Upper middle income
Benin,90.011699688336,0.286695720507015,4411.401,NA,60.052,83.58132,16.41868,50.3775534198046,5.469,7132787396.66547,4.69472733561151,15387048652.8314,NA,57.199,49.6224465801954,77.1277137282724,2.82355554781892,672957,18.3932962127614,58.654,8696921,30.6569480895996,57.931,42.069,Sub-Saharan Africa,Low income
Bermuda,NA,0.170546172693574,649.059,NA,81.9,NA,NA,NA,1.77,6109928000,NA,3805767023.37486,NA,76.7,NA,1208.7592379118,0.593330045617058,NA,NA,79.2365853658537,65273,100,0,100,North America,High income
Bhutan,60.2103495409189,0.111956700241007,421.705,NA,67.558,81.56659,18.43341,47.444726188225,2.48,1258332337.28382,NA,3766679431.3534,NA,67.075,52.555273811775,17.6197761786973,1.00817246725585,NA,NA,67.325,671613,67.4491806030273,66.764,33.236,South Asia,Lower middle income
Bolivia,70.0047968457985,0.276439157761515,13237.87,62.4275016784668,69.334,NA,NA,49.6683264658785,3.364,16674324634.2373,8.50057735660059,47887101477.2096,50.8,64.656,50.3316735341215,8.97392596695283,1.69107665503602,1594348,25.0252591644424,66.937,9721454,84.674991,34.465,65.535,Latin America & Caribbean,Lower middle income
Bosnia and Herzegovina,43.3496884259401,0.594564311773562,20153.832,31.4288997650146,78.182,NA,NA,50.8826903616983,1.303,19112739664.4697,5.68591653060988,33896807462.0589,NA,73.03,49.1173096383017,73.32560546875,-0.226551525204038,341898,20.2736093461945,75.665,3754271,100,55.08,44.92,Europe & Central Asia,Upper middle income
Botswana,63.3149810907677,0.178785061754652,4506.743,NA,58.97,87.16181,11.77487,51.0965548778578,3.034,10945070441.9283,11.9490478431236,25207603788.423,NA,54.421,48.9034451221422,3.38016162899441,2.11978189717293,NA,NA,56.679,1915639,43.1,40.556,59.444,Sub-Saharan Africa,Upper middle income
Brazil,47.7154460488446,0.151408017901871,387631.236,56.3760986328125,76.779,NA,NA,50.6336055336916,1.847,1695824565983.2,10.29922075257,2560176411867.61,54,69.266,49.3663944663084,22.9752507136755,0.994311623883366,19099587,11.8761163946256,72.966,192030362,98.526625,16.251,83.749,Latin America & Caribbean,Upper middle income
British Virgin Islands,NA,NA,161.348,NA,NA,NA,NA,NA,NA,NA,NA,NA,NA,NA,NA,173.98,4.10663053135402,NA,NA,NA,26097,NA,55.848,44.152,Latin America & Caribbean,High income
Brunei Darussalam,42.7419688573374,0.305529465732414,9119.829,NA,75.586,NA,NA,48.5741319600019,1.918,14393099068.5859,8.42563991746785,29849261766.4158,NA,73.469,51.4258680399981,71.996394686907,1.18137182413831,NA,NA,74.494,379421,100,25.748,74.252,East Asia & Pacific,High income
Bulgaria,45.1591729570069,0.472614441652402,50740.279,48.3195991516113,76.6,NA,NA,51.3157614933592,1.56,54409138498.3548,5.40947867662086,107360830580.201,33.6,69.5,48.6842385066408,68.98592210662,-0.70192274454598,1195578,22.2792817874142,72.9634146341463,7492561,100,28.378,71.622,Europe & Central Asia,Upper middle income
Burkina Faso,95.8848346295667,0.0974852096413896,1917.841,NA,56.178,56.46157,43.53843,50.5136345302584,6.036,8369637065.40255,NA,19673148440.2095,NA,54.924,49.4863654697416,53.6905153508772,3.02495485728146,1586762,45.8989089057818,55.618,14689725,13.8864879608154,76.466,23.534,Sub-Saharan Africa,Low income
Burundi,91.9165100446697,0.0340205342464628,190.684,70.1500015258789,57.406,91.91476,8.08524,50.6271024835518,6.352,1611835901.9063,NA,5604967829.68145,NA,54.014,49.3728975164482,316.43699376947,3.30131036217737,493430,60.0134517312719,55.721,8126102,4.8,89.882,10.118,Sub-Saharan Africa,Low income
Cabo Verde,66.0492164460007,0.167119415869552,469.376,NA,74.363,95.67871,4.14516,50.5124301751496,2.687,1789333748.6799,NA,2808626379.87186,NA,66.878,49.4875698248504,119.315632754342,1.20976219681942,NA,NA,70.786,480842,73.21240234375,39.806,60.194,Sub-Saharan Africa,Lower middle income
Cambodia,61.8896823594106,0.119172826996233,3898.021,76.0400009155273,67.569,92.92533,7.07467,51.3619615905836,3.018,10351914093.1723,9.37578553441336,32708974841.4142,NA,63.062,48.6380384094164,78.6530364831181,1.47930073067098,1431083,52.6674652814197,65.394,13883834,26.4,80.429,19.571,East Asia & Pacific,Lower middle income
Cameroon,88.0744304307422,0.104231755754018,5544.504,NA,55.271,NA,NA,50.1136725215417,5.219,26409781215.1844,8.31780602979683,53193999850.5326,NA,53.026,49.8863274784583,40.7282816102896,2.75079722484934,2153480,22.2152142465063,54.153,19252666,50.4659461975098,49.65,50.35,Sub-Saharan Africa,Lower middle income
Canada,43.9339025932817,0.418972078458113,561028.998,62.5527000427246,83,NA,NA,50.3948210128144,1.6808,1549131208997.19,4.91477435970846,1339060588630.82,NA,78.5,49.6051789871856,3.65613695921597,1.08290711607014,5308706,19.816099843437,80.6951219512195,33247118,100,19.422,80.578,North America,High income
Cayman Islands,NA,0.152319906335961,583.053,80.7799987792969,NA,NA,NA,NA,NA,4586172566.90268,NA,3827818792.8635,NA,NA,NA,224.316666666667,2.9328499615448,NA,NA,NA,53836,100,0,100,Latin America & Caribbean,High income
Central African Republic,89.3030982271797,0.069418722789433,253.023,NA,47.545,55.09119,44.76856,50.523357688830004,5.289,1985240986.18508,NA,3644881234.23837,56.2,44.763,49.476642311169996,6.85955568397059,1.77912036186569,686777,41.7366250542388,46.161,4273366,9.52039051055908,61.494,38.506,Sub-Saharan Africa,Low income
Chad,107.03443166455,0.0274289065830469,509.713,NA,51.049,NA,NA,50.1348627886808,6.803,10351932604.4154,NA,18583059388.705,NA,48.599,49.8651372113192,8.88150254129606,3.32337145009644,921474,37.621656314125,49.82,11183588,5.51170825958252,78.099,21.901,Sub-Saharan Africa,Low income
Channel Islands,45.4811769957592,NA,NA,NA,83.448,NA,NA,50.82938615836,1.564,NA,NA,NA,NA,78.552,49.17061384164,790.065687008703,1.15538352600171,NA,NA,81.041,156433,NA,69.071,30.929,Europe & Central Asia,High income
Chile,47.0450068878979,0.26059815672548,71851.198,44.2330017089844,81.242,95.62984,3.20654,50.7887328748574,1.895,179638496278.574,9.09086359766779,275716447509.986,NA,75.267,49.2112671251426,22.4714703573841,1.07143797237155,6170651,42.4702949219833,78.33,16708258,98.4334487915039,13.041,86.959,Latin America & Caribbean,High income
China,36.7435137159405,0.748771229299561,7553070.247,NA,75.855,NA,NA,48.6165262827882,1.62,4594306848763.08,4.55198205465009,10087286946195.2,43,72.017,51.3834737172118,141.097707849945,0.51238693163744,18943092,3.07277696501981,73.835,1324655000,98.8472290039063,53.461,46.539,East Asia & Pacific,Upper middle income
Colombia,53.3153532828749,0.151016455957806,68088.856,50.5180015563965,78.019,NA,NA,50.995237326102,2.081,241710969502.894,15.2230604937578,450870440364.618,55.5,71.887,49.004762673898,39.8873141054529,1.17615710002158,7951351,23.2722847460639,74.962,44254975,96.806763,22.796,77.204,Latin America & Caribbean,Upper middle income
Comoros,80.1782512624532,0.0708460582788286,106.343,NA,62.724,NA,NA,49.6129952056139,4.87,911967428.713837,NA,1501043284.3203,NA,59.513,50.3870047943861,353.15904268935,2.40362836509593,NA,NA,61.094,657229,58.0609092712402,72.114,27.886,Sub-Saharan Africa,Lower middle income
"Congo, Dem. Rep.",96.2851248710655,0.050035184278243,1859.169,NA,57.175,NA,NA,50.2545728486252,6.621,19788515873.8942,1.99922645220445,37157232991.5137,NA,54.307,49.7454271513748,26.6474912331003,3.29397383945529,8618736,36.6040290637843,55.743,60411195,11.5558776855469,61.024,38.976,Sub-Saharan Africa,Low income
"Congo, Rep.",79.5294133442533,0.0699853799863502,1309.119,NA,59.482,NA,NA,50.3141353817175,4.798,11859013280.9951,13.8742779773953,18705606803.2399,NA,57.365,49.6858646182825,11.7466647144949,3.43273509275205,1445191,57.7845030849648,58.466,4011486,38.0006675720215,37.654,62.346,Sub-Saharan Africa,Lower middle income
Costa Rica,47.7945028475226,0.148811189831541,8129.739,46.0789985656738,80.914,NA,NA,49.8913653063113,1.923,30612927059.0967,11.9129851540998,54631234446.8393,48.7,76.128,50.1086346936887,87.4094202898551,1.31933869883702,1165858,37.6452148912386,78.491,4463125,99.263937,30.61,69.39,Latin America & Caribbean,Upper middle income
Cote d'Ivoire,88.0564818756413,0.13534433233127,6776.616,NA,53.251,NA,NA,49.1086766779723,5.221,24224903099.6283,4.89326877651811,50069447927.9228,43.2,50.307,50.8913233220277,61.6527327044025,2.24025756475879,3743238,41.0675794653216,51.682,19605569,55.8373031616211,53.509,46.491,NA,NA
Croatia,48.9951301877882,0.252315116659224,22592.387,45.7341003417969,79.6,98.52179,1.3048,51.8268112747232,1.55,70288911412.9333,9.11219478858414,89540362460.7765,NA,72.4,48.1731887252768,77.014027877055,-0.0118794578559279,689140,29.1694902556023,75.9121951219512,4309705,100,45.181,54.819,Europe & Central Asia,High income
Cuba,43.0286070680778,NA,30443.434,41.1699981689453,80.161,96.58432,3.41568,50.2168866621132,1.602,60806300000,NA,NA,NA,76.183,49.7831133378868,105.570941375423,-0.125853284827841,2157893,25.1312087674301,78.15,11236971,97.3214111328125,23.587,76.413,Latin America & Caribbean,Upper middle income
Curacao,50.4243186669279,NA,NA,NA,79.1,NA,NA,53.7133698334799,2.2,NA,1.80623621911376,4038433513.30868,NA,71.7,46.2866301665201,328.558558558559,1.25822530732751,NA,NA,75.309756097561,145880,100,9.839,90.161,NA,NA
Cyprus,42.46069222775,0.313048361945063,8577.113,55.8452987670898,81.232,NA,NA,49.807409242877,1.461,27844698989.3072,10.605627265798,27398683534.7352,31.7,76.93,50.192590757123,117.052272727273,1.66415994497319,NA,NA,79.071,1081563,100,32.161,67.839,Europe & Central Asia,High income
Czech Republic,40.9308386512953,0.403442463671713,116658.271,49.3223991394043,80.1,NA,NA,51.0568985907028,1.51,235718586901.129,6.42961039328455,289157145081.601,26.3,74,48.9431014092972,134.428517799353,0.829412602993033,1219444,15.9996830093538,76.9756097560976,10384603,100,26.606,73.394,Europe & Central Asia,High income
Denmark,52.2258263131148,0.20696941359486,46933.933,60.9495010375977,80.7,97.69505,0.50064,50.4225288578143,1.89,353361038818.383,11.7887087226592,226767483101.984,25.2,76.3,49.5774711421858,129.474923403252,0.587547590258978,1165516,24.5306305600947,78.4463414634146,5493621,100,13.513,86.487,Europe & Central Asia,High income
Djibouti,61.6278448181989,NA,498.712,NA,60.611,46.91447,53.08553,47.8388850030807,3.502,NA,NA,NA,NA,57.694,52.1611149969193,35.2182053494392,1.34506152572156,467459,74.4632995152691,59.124,816358,56.0085067749023,23.101,76.899,Middle East & North Africa,Lower middle income
Dominica,NA,0.187623110369894,132.012,NA,NA,83.89169,16.10831,NA,NA,458190185.185185,NA,703602022.905078,NA,NA,NA,94.436,0.0451907197251668,NA,NA,NA,70827,90.9,32.498,67.502,Latin America & Caribbean,Upper middle income
Dominican Republic,59.2760021737348,0.213919045194736,20711.216,41.9603996276855,74.761,87.3521,11.22957,49.7472372561067,2.556,48122601589.3469,13.2602124087149,96818008799.2915,48.1,68.621,50.2527627438933,195.778824259988,1.26845777888478,2474865,36.6994250999502,71.559,9458075,97.576197,28.7,71.3,Latin America & Caribbean,Upper middle income
Ecuador,60.3333418266527,0.262715755565087,33868.412,52.1962013244629,77.694,96.06828,3.93172,49.881120603423,2.675,61762635000,13.1883492206229,128916562035.463,49.7,71.847,50.118879396577,58.5268924142374,1.65916364661181,2410734,26.620986741595,74.705,14535739,97.206576,37.7,62.3,Latin America & Caribbean,Upper middle income
"Egypt, Arab Rep.",60.280130892761,0.274301329046433,198586.385,21.724100112915,72.29,NA,NA,49.5074123499372,3.085,162818181818.182,10.0165799863899,723971647131.115,31.1,67.747,50.4925876500628,80.000079361093,1.77868623279128,16186667,47.2056202994817,69.971,79636079,99.8,56.942,43.058,Middle East & North Africa,Lower middle income
El Salvador,65.8647398349837,0.175332370239398,6545.595,47.2799987792969,75.264,NA,NA,52.5242723671659,2.358,17986890000,8.30044119450682,37332495939.356,46.9,66.06,47.4757276328341,295.934555984556,0.424169674702965,1081421,27.6961828209656,70.756,6131764,91.000227,36.322,63.678,Latin America & Caribbean,Lower middle income
Equatorial Guinea,72.134605886458,0.134851858901458,4503.076,NA,56.248,46.75689,53.24311,46.0951467115221,5.363,19749893536.3204,NA,33392761780.8412,NA,54.009,53.9048532884779,30.6894830659537,4.65491127765875,203273,37.6338093880407,55.07,860840,NA,37.255,62.745,Sub-Saharan Africa,Upper middle income
Eritrea,75.079271530788,0.0736068142559266,414.371,NA,63.008,70.31838,29.584,50.0675529632863,4.737,1380188800,8.34683008645189,5629519551.80748,NA,58.965,49.9324470367137,30.3245445544554,2.18657189018353,622691,59.7968012522267,60.952,3062779,37.6812477111816,66,34,Sub-Saharan Africa,Low income
Estonia,47.4901882055502,0.573008439748288,17491.59,54.7429008483887,79.2,NA,NA,53.4942655852282,1.72,24371299985.3523,5.56096645629431,30525885461.1003,31.9,68.6,46.5057344147718,31.5425807973579,-0.268133719541207,395340,43.2578995397816,73.7707317073171,1337090,100,31.649,68.351,Europe & Central Asia,High income
Eswatini,78.8876015879236,0.137050819970046,1096.433,NA,46.371,NA,NA,52.8582367888695,3.496,3294093359.62088,NA,8000192922.88538,NA,42.255,47.1417632111305,61.0433139534884,0.697031442526397,NA,NA,44.17,1049945,43.4796409606934,77.955,22.045,Sub-Saharan Africa,Lower middle income
Ethiopia,95.9848070368453,0.0890187213652036,6578.598,NA,61.155,74.16282,25.69585,50.1239093873002,5.39,27066912635.2228,1.83103548523265,73901286146.4386,NA,58.046,49.8760906126998,82.916235,2.74102252312532,2870660,20.9698403225253,59.581,82916235,31.4449787139893,83.49,16.51,Sub-Saharan Africa,Low income
Faroe Islands,NA,NA,630.724,NA,82.7,NA,NA,NA,2.6,2432415998.11695,NA,NA,NA,77.7,NA,34.2550128289683,-0.0104553296137904,NA,NA,80.1390243902439,47820,100,59.464,40.536,Europe & Central Asia,High income
Fiji,52.0961412864538,0.149523507942237,894.748,NA,68.073,NA,NA,48.9339402571224,2.758,3523185919.55826,NA,5983995508.89116,40.4,65.004,51.0660597428776,46.2704433497537,1.09078950706186,NA,NA,66.477,845361,86.16,48.854,51.146,East Asia & Pacific,Upper middle income
Finland,50.0792708158271,0.265373703373613,56519.471,57.3893013000488,83,97.86221,1.94777,50.9774691077201,1.85,284553976856.599,6.01029470613875,212980676990.544,27.8,76.3,49.0225308922799,17.4840375123396,0.465549284507694,1098103,24.8102353181467,79.5682926829268,5313399,100,16.701,83.299,Europe & Central Asia,High income
France,53.9367071883976,0.162144442797199,366325.966,51.098201751709,84.8,98.99369,0.45845,51.578030885364,2.01,2918382891460.38,8.53777682127185,2259256991361.58,33,77.8,48.421969114636,117.567641210864,0.558854358516408,10311304,20.5701487723917,81.2146341463415,64374984,100,22.132,77.868,Europe & Central Asia,High income
French Polynesia,47.57205049822,NA,843.41,NA,77.569,NA,NA,48.7559833979641,2.151,NA,NA,NA,NA,72.903,51.2440166020359,72.1478142076503,0.508750447142758,NA,NA,75.092,264061,100,40.834,59.166,East Asia & Pacific,High income
Gabon,73.5627020892124,0.18488592498294,4173.046,NA,61.26,NA,NA,49.6365583212274,4.182,15508574820.3516,5.45783832176926,22570923126.7067,NA,58.513,50.3634416787726,5.89335196181162,3.0736777908782,612842,47.839971897504,59.904,1518540,82.708366394043,15.641,84.359,Sub-Saharan Africa,Upper middle income
"Gambia, The",93.5165148618292,0.0947761924343276,366.7,NA,60.306,69.1071,30.8929,50.3574878883885,5.64,1561763437.0325,NA,3869115128.82409,NA,57.801,49.6425121116115,166.925395256917,2.97018078756631,383233,41.8478059092924,59.012,1689285,40.347225189209,45.789,54.211,Sub-Saharan Africa,Low income
Georgia,48.3985579868886,0.199266192383834,5166.803,54.189998626709,75.46,99.11511,0.88489,52.3494875741313,1.816,12795076469.0099,8.62993538782105,25929150038.8962,38.5,66.413,47.6505124258687,67.3300150460128,-0.303790529341209,1079974,51.2418135673559,70.946,3848449,99.1511154174805,45.235,54.765,Europe & Central Asia,Upper middle income
Germany,51.2010395606892,0.251474095255255,780564.954,52.5213012695313,82.4,NA,NA,51.0445613462583,1.38,3730027830672.33,9.36437256877333,3103957698735.13,31.2,77.2,48.9554386537417,235.522178240542,-0.190142844695674,3425567,5.44814796571915,79.7365853658537,82110097,100,23.425,76.575,Europe & Central Asia,High income
Ghana,74.6300921957985,0.143455925878569,9138.164,NA,61.156,83.90655,16.09345,49.449143076559,4.35,28526891010.4925,10.1582174558162,63700150021.932,NA,59.282,50.550856923441,103.559044563593,2.57872762530211,1975006,16.9834799827294,60.216,23563825,60.5,50.649,49.351,Sub-Saharan Africa,Lower middle income
Gibraltar,NA,NA,425.372,NA,NA,NA,NA,NA,NA,NA,NA,NA,NA,NA,NA,3355.9,0.125231097528148,NA,NA,NA,33559,100,0,100,Europe & Central Asia,High income
Greece,50.5854879886707,0.280749966327031,95965.39,42.4241981506348,82.5,NA,NA,50.7415460722487,1.5,354460802548.704,11.2387854107313,341817992911.939,33.6,77.5,49.2584539277513,85.9413576415826,0.265457836726293,3174148,37.9170124411934,79.9390243902439,11077841,100,24.432,75.568,Europe & Central Asia,High income
Greenland,NA,NA,660.06,NA,72.8,NA,NA,NA,2.247,2499107510.64122,NA,NA,NA,67.75,NA,0.137234742355951,-0.402186876651222,NA,NA,70.2134146341463,56328,100,16.213,83.787,Europe & Central Asia,High income
Grenada,53.7506014083891,0.20907806251378,253.023,NA,75.639,NA,NA,49.5822942052211,2.282,825976037.037037,NA,1210184353.91003,NA,70.594,50.4177057947789,310.164705882353,0.252556555918123,NA,NA,73.038,105456,90,64.123,35.877,Latin America & Caribbean,Upper middle income
Guam,54.3933907404351,NA,NA,NA,80.452,NA,NA,49.1049252689626,2.534,4621000000,NA,NA,NA,74.787,50.8950747310374,294.511111111111,0.118911689062011,NA,NA,77.474,159036,100,6.084,93.916,East Asia & Pacific,High income
Guatemala,81.3365282249592,0.125221777084423,11430.039,NA,73.952,94.39974,5.20174,50.9156086994393,3.58,39136436613.7566,11.1897683381956,91278364403.773,NA,67.487,49.084391300560704,130.705748413587,2.2096665936206,2491956,37.2152968323279,70.75,14006428,81.7426452636719,52.193,47.807,Latin America & Caribbean,Upper middle income
Guinea,98.6093581083355,0.139007599342458,2189.199,NA,56.317,61.25068,38.74932,52.3451769602731,5.496,6964179193.84418,NA,15748772084.0837,NA,54.725,47.6548230397269,39.63369689077,2.29153223855879,1446459,44.8636280738582,55.614,9738792,23.827507019043,66.894,33.106,Sub-Saharan Africa,Low income
Guinea-Bissau,86.0297917968419,0.11742522873782,227.354,NA,55.889,NA,NA,51.632138532734,5.174,864654795.287148,NA,1936159737.0836,NA,51.218,48.367861467266,51.4557610241821,2.4764784938246,377880,66.4103140904873,53.612,1446936,9.56083869934082,60.675,39.325,Sub-Saharan Africa,Low income
Guyana,62.422140060896,0.400607090052915,1558.475,NA,70.981,96.33824,2.21091,50.2086862208177,2.718,1916994911.93238,NA,3890283119.53776,NA,64.321,49.7913137791823,3.7938379476759,0.0459388030909146,NA,NA,67.521,746817,79.0082855224609,72.895,27.105,Latin America & Caribbean,Upper middle income
Haiti,70.807124031344,0.165937900008808,2398.218,NA,61.738,NA,NA,50.6950657072929,3.579,6548530572.35291,3.88292079781273,14452503013.9148,NA,57.828,49.3049342927071,350.021044992743,1.58035602251204,2516051,57.2595749677865,59.782,9646580,35.8669357299805,54.449,45.551,Latin America & Caribbean,Low income
Honduras,74.8451775671124,0.280679932210769,8672.455,40.2710990905762,75.157,88.48396,11.51604,50.1482842592146,3.177,13789715132.502,6.64273330839347,30898022996.128,55.5,70.454,49.8517157407854,71.3285816426848,2.18428893634382,975657,24.1759567851523,72.803,7980955,76.396899,49.434,50.566,Latin America & Caribbean,Lower middle income
"Hong Kong SAR, China",33.8478872567493,0.14104631301525,43978.331,53.1500015258789,85.5,NA,NA,52.6034164305266,1.064,219279678430.164,22.336211175711,311800642355.289,NA,79.4,47.3965835694734,6626.47619047619,0.598238786949717,6940323,99.748814280376,82.3756097560976,6957800,100,0,100,East Asia & Pacific,High income
Hungary,45.1635401944935,0.263978974443575,54843.652,42.7322006225586,77.8,97.09444,2.10006,52.5617684863099,1.35,158136326477.965,7.8496402238836,207757652349.402,27.5,69.8,47.4382315136901,112.020845887736,-0.17509736747488,1742984,25.5560283309429,73.7024390243903,10038188,100,32.057,67.943,Europe & Central Asia,High income
Iceland,49.5711916160893,0.154149008931589,2119.526,77.0065994262695,83.3,99.6071,0.38613,49.6784674526709,2.15,17905251832.0506,2.64881984051739,13749851618.8361,31.8,80,50.3215325473291,3.16622443890274,1.85957217059918,NA,NA,81.609756097561,317414,100,6.605,93.395,Europe & Central Asia,High income
India,57.705702890706696,0.347658601557598,1568379.567,NA,66.735,97.99402,2.00598,47.9689584287207,2.743,1198895582137.51,7.49121125773667,4511263521090.13,NA,64.91,52.0310415712793,403.832168478974,1.46489008016823,20605621,5.67406341680226,65.794,1200669765,71.5455093383789,69.754,30.246,South Asia,Lower middle income
Indonesia,51.5082365177544,0.2355574805565,416560.199,50.3890991210938,70.474,95.19553,4.80447,49.6807846935586,2.499,510228634992.258,9.46929744847417,1768401487466.61,35.1,66.554,50.3192153064414,129.981045170763,1.32333090841565,9368193,8.23112057026151,68.485,235469762,92.73,51.665,48.335,East Asia & Pacific,Lower middle income
"Iran, Islamic Rep.",42.2855359934311,0.450155754874953,541582.897,14.9200000762939,74.73,NA,NA,49.4466560792166,1.811,406070949553.875,5.87970026853075,1203101129186.82,NA,71.443,50.5533439207834,44.2794543087993,1.09320057907243,7915472,15.8013862429217,73.027,72120604,98.6759948730469,30.542,69.458,Middle East & North Africa,Upper middle income
Iraq,82.8700992858365,0.2725480945483,93149.134,NA,71.302,NA,NA,49.4893650646192,4.403,131613661510.475,12.4337659634655,341771363892.226,NA,65.302,50.5106349353808,64.9009900084597,1.68573560596418,5282303,26.9981262371621,68.19,28385746,97.8955383300781,31.073,68.927,Middle East & North Africa,Upper middle income
Ireland,45.4719750008992,0.216279009661998,42999.242,56.8298988342285,82.4,NA,NA,50.194378413681,2.06,275038896001.172,13.4442262004704,198813754821.605,30.9,77.9,49.805621586319,65.1697488750181,2.03870801117202,1073906,39.1229427691267,80.0951219512195,4489544,100,38.859,61.141,Europe & Central Asia,High income
Isle of Man,NA,NA,NA,NA,NA,NA,NA,NA,NA,5928601102.94118,NA,NA,NA,NA,NA,146.505263157895,1.3259916069321,NA,NA,NA,83508,100,48.042,51.958,Europe & Central Asia,High income
Israel,60.2824943875469,0.340468465757367,68264.872,56.1990013122559,83,NA,NA,50.6494102123509,2.96,216105164966.555,8.76700012398492,200502774458.556,NA,79,49.3505897876491,337.744916820702,1.7765791059698,3192734,47.6362797576241,80.9512195121951,7308800,100,8.298,91.702,Middle East & North Africa,High income
Italy,52.0727349791329,0.213993945076369,447186.983,38.6670989990234,84.2,NA,NA,51.5526479055844,1.45,2398856598798.89,11.5052657989747,2089717925618.93,33.8,78.9,48.4473520944156,199.995685727885,0.662469252941527,3896648,9.72792842713523,81.4853658536586,58826731,100,31.908,68.092,Europe & Central Asia,High income
Jamaica,57.2649823902855,0.444400266538827,10208.928,57.3504981994629,75.54,NA,NA,50.3542762078301,2.251,13680482786.9977,6.52474972636397,22972371460.3309,NA,72.7,49.6457237921699,256.867590027701,0.491847719428293,583147,39.2766962009544,74.103,2781876,92,46.629,53.371,Latin America & Caribbean,Upper middle income
Japan,53.2529944725622,0.271547962342483,1210135.669,48.4000015258789,86.05,NA,NA,51.0539608617623,1.37,5037908465114.48,9.01888206544776,4456434357160.63,32.1,79.29,48.9460391382377,351.338820301783,0.0484253945978966,36359444,31.8640690977121,82.5875609756098,128063000,100,10.897,89.103,East Asia & Pacific,High income
Jordan,70.3331255850228,0.347518769213312,21349.274,14.1999998092651,74.739,87.16308,12.83692,48.7622994863244,3.768,22279907002.959,8.69057521672916,61433441561.5276,32.6,71.604,51.2377005136756,74.3027878513146,4.70276614292839,1266991,23.0897345992016,73.099,6556478,99.2659454345703,16.308,83.692,Middle East & North Africa,Upper middle income
Kazakhstan,45.2725347601196,0.802033396885604,232806.829,66.6800003051758,72.4,NA,NA,51.7257207514302,2.7,133441612246.798,4.15493663916383,290270741722.25,28.5,61.9,48.2742792485698,5.80583027743823,1.21836560954818,1348884,15.1827198810671,67.0219512195122,15674000,99.3802642822266,43.318,56.682,Europe & Central Asia,Upper middle income
Kenya,84.2591822976259,0.116589014418938,10241.931,NA,60.624,75.97899,13.51887,50.3637114449986,4.587,35895153327.8497,4.97732152164914,87846449779.5461,NA,56.864,49.6362885550014,69.9159802509049,2.76725396349733,2999982,33.0664997753669,58.76,39791981,32.1783027648926,77.2,22.8,Sub-Saharan Africa,Lower middle income
Kiribati,66.3203098686426,0.317038195550519,55.005,NA,68.838,NA,NA,50.7563791008505,3.872,141042610.300285,NA,173496445.450325,NA,61.613,49.2436208991495,121.927160493827,2.28800280262579,NA,NA,65.208,98761,68.2710952758789,54.294,45.706,East Asia & Pacific,Lower middle income
"Korea, Dem. Peopleâ€™s Rep.",46.6249645427201,NA,71132.466,NA,72.172,NA,NA,51.15310921865,1.949,NA,NA,NA,NA,65.251,48.84689078135,201.894709741716,0.50233027396043906,2821994,19.3342760240285,68.884,24310142,NA,39.96,60.04,NA,NA
"Korea, Rep.",37.2786307685458,0.361091178472051,507589.807,50,83,NA,NA,49.8741522841335,1.192,1002219052967.54,6.18949418646283,1405710904231.6,32.3,76.2,50.1258477158665,505.770780492834,0.759316681850927,9806379,24.4585408587504,79.5170731707317,49054708,100,18.267,81.733,East Asia & Pacific,High income
Kosovo,NA,NA,NA,26.1000003814697,71.6,NA,NA,NA,2.38,5687361945.21752,5.71836285938965,12667494675.3686,NA,67.3,NA,160.501791127032,0.803213477569189,NA,NA,69.3975609756098,1747383,100,NA,NA,Europe & Central Asia,Upper middle income
Kuwait,35.440731622244,0.346417998565081,82731.187,56.0999984741211,75.05,NA,NA,41.8336150842806,2.347,147395089285.714,8.31727402005745,238818962475.062,NA,73.258,58.1663849157194,149.046520763187,5.89275790941738,1801975,67.8452143799211,73.976,2656009,100,0,100,Middle East & North Africa,High income
Kyrgyz Republic,53.6720858947996,0.53703468765812,7660.363,NA,72.6,95.11345,4.29818,50.525550198298,2.8,5139957784.91084,4.51537915631293,14264186608.5131,31.5,64.5,49.474449801702,27.7304483837331,0.950220144755314,817184,43.5435974685392,68.4512195121951,5318700,99.436393737793,64.715,35.285,Europe & Central Asia,Lower middle income
Lao PDR,71.1673457741061,0.0435896859420025,946.086,NA,65.095,85.11859,14.88141,50.5210836449394,3.327,5443915120.50795,NA,21704354586.5138,NA,61.435,49.4789163550606,26.1985268630849,1.69576549798698,592143,33.8938782519104,63.271,6046620,66,71.107,28.893,East Asia & Pacific,Lower middle income
Latvia,46.7363241011623,0.186447072009365,7902.385,55.002799987793,77.9,NA,NA,54.1941316698968,1.58,35657998830.5803,9.24158785910174,42384065970.2239,37.2,67.2,45.8058683301032,35.0074275807618,-1.0509395443743,683005,46.2438175583037,72.419512195122,2177322,100,32.166,67.834,Europe & Central Asia,High income
Lebanon,50.7090193101485,0.298742799683999,17227.566,NA,79.86,NA,NA,49.0580503258831,1.925,29227542759.602,10.618694911558,57666882744.0287,NA,76.152,50.9419496741169,465.761583577713,-0.0546155445467178,1902189,45.8654323291682,77.911,4764741,99.9,12.958,87.042,Middle East & North Africa,Upper middle income
Lesotho,67.7466927682823,0.496596560261288,2126.86,40.0800018310547,46.14,88.07417,11.92583,51.5382989537675,3.361,1758534994.91599,NA,4282873000.33036,NA,40.95,48.4617010462325,65.4522068511199,0.0104175814647146,NA,NA,43.384,1987129,15.3666124343872,76.204,23.796,Sub-Saharan Africa,Lower middle income
Liberia,86.861200453705,0.153181339177935,564.718,NA,59.877,42.36552,57.63448,49.9567749662335,5.154,1726000000,NA,3686597878.24432,NA,56.616,50.0432250337665,37.4570182724253,4.12940500466313,980861,57.7361173816227,58.229,3607860,1.83453071117401,52.912,47.088,Sub-Saharan Africa,Low income
Libya,49.883680083121,0.332256098365342,56013.425,NA,74.797,NA,NA,48.7358757761515,2.49,87140405361.2292,9.47194529548924,168585092269.424,NA,69.884,51.2641242238485,3.44337042636144,1.39547294297153,1080036,22.9622578971057,72.174,6058748,84.7785949707031,22.368,77.632,Middle East & North Africa,Upper middle income
Liechtenstein,NA,NA,62.339,52.7799987792969,85.5,NA,NA,NA,1.43,5081432924.0144,NA,NA,NA,80,NA,221.69375,0.718654066264389,NA,NA,82.6829268292683,35471,100,85.426,14.574,Europe & Central Asia,High income
Lithuania,47.6795483677925,0.226228675257822,15009.031,50.5153999328613,77.6,NA,NA,53.825134996251,1.45,47850551148.8365,6.9706790909895,66344511733.0725,35.7,66.3,46.174865003749,51.0288153171121,-1.02848317546539,529160,24.7507779637812,71.8121951219512,3198231,100,33.152,66.848,Europe & Central Asia,High income
Luxembourg,47.3244031198464,0.258212786354284,10938.661,48.0569000244141,83.1,98.17434,1.39678,50.4883570970925,1.61,55849686538.7432,10.0663658338357,42362971851.4074,32.6,78.1,49.5116429029075,201.090534979424,1.78749663225793,NA,NA,80.5390243902439,488650,100,12.2,87.8,Europe & Central Asia,High income
"Macao SAR, China",26.51477203528,0.033530954558921,1338.455,64.2600021362305,85.045,86.03832,12.86478,52.1945453698528,0.999,20917444919.6394,NA,39916996626.1488,NA,79.261,47.8054546301472,17645.1707718425,2.10412273608316,514348,99.8270705439611,82.22,515239,100,0,100,East Asia & Pacific,High income
Madagascar,88.6492997565146,0.055547113035274,1888.505,NA,63.937,NA,NA,50.1975198029893,4.777,10725137930.8286,NA,33998256557.4694,NA,61.093,49.8024801970107,34.3853784778347,2.85559832967612,1822681,29.7196375363245,62.509,19996473,16.1936416625977,69.33,30.67,Sub-Saharan Africa,Low income
Malawi,96.9384773211218,0.0812153205402109,1056.096,NA,54.922,NA,NA,50.8026319249581,5.632,5321012192.33619,NA,13003654888.9456,NA,49.608,49.1973680750419,145.607658039881,2.85271162600252,670822,31.8841447648598,52.206,13727890,7.50273370742798,84.674,15.326,Sub-Saharan Africa,Low income
Malaysia,51.1689112954611,0.37858143347795,204031.88,NA,76.369,95.26292,4.73708,48.5097574706538,2.191,230813897715.69,7.12386446385499,538937892768.805,45.5,72.1,51.4902425293462,82.8975985390352,1.9113652039401,5439373,28.8497769055843,74.118,27236006,NA,30.775,69.225,East Asia & Pacific,Upper middle income
Maldives,46.7561712437347,0.199584778943486,843.41,NA,76.444,NA,NA,46.9072465118446,2.245,2271646187.5,NA,4225823253.98079,NA,73.957,53.0927534881554,1144.84,2.44124816759188,NA,NA,75.073,343452,93.618049621582,64.39,35.61,South Asia,Upper middle income
Mali,100.78588248282,0.0435708217071751,1070.764,NA,54.812,NA,NA,50.1099225157504,6.67,9750822511.47988,NA,24575253760.3318,NA,53.566,49.8900774842496,11.5667043657135,3.32904732601524,1740310,35.8420790963803,54.193,14113577,22.265043258667,65.597,34.403,Sub-Saharan Africa,Low income
Malta,43.7426264044944,0.238700042951365,2559.566,33.4524002075195,82.3,NA,NA,50.4243051773779,1.43,8977149553.24447,12.8176354365063,10722939000.5661,29,77.1,49.5756948226221,1279.309375,0.650655460565174,NA,NA,79.6365853658537,409379,100,6.071,93.929,Middle East & North Africa,High income
Marshall Islands,NA,0.600682754556504,99.009,NA,NA,NA,NA,NA,NA,153135800,NA,164827438.858471,NA,NA,NA,312.077777777778,0.219202582759657,NA,NA,NA,56174,80.2827911376953,27.387,72.613,East Asia & Pacific,Upper middle income
Mauritania,81.1639382284369,0.174486347923386,1936.176,NA,63.798,74.66639,25.33361,50.0540161402229,5.057,4031053345.25594,NA,11096432603.7138,35.7,60.172,49.9459838597771,3.19805763073639,2.88447550506516,779685,52.8127728492284,62.015,3296238,30,55.212,44.788,Sub-Saharan Africa,Lower middle income
Mauritius,43.3327380918093,0.212269385769358,3769.676,41.6682014465332,76.11,NA,NA,50.4340486515362,1.67,9990370016.30771,13.8966441179548,17758924521.0139,NA,69.2,49.5659513484638,612.867487684729,0.361630847401639,NA,NA,72.5707317073171,1244121,98.2011108398438,58.223,41.777,Sub-Saharan Africa,Upper middle income
Mexico,57.1493148546291,0.298235917378435,493251.837,42.269100189209,78.026,NA,NA,51.0895438672027,2.391,1109989063586.62,9.20566467723633,1653898166712.45,49.9,72.342,48.9104561327973,57.0052064096299,1.49536911114693,19785210,23.1206481042105,75.194,110815271,98.914037,22.778,77.222,Latin America & Caribbean,Upper middle income
"Micronesia, Fed. Sts.",67.5480185763524,0.367940995266927,117.344,NA,67.761,NA,NA,49.2056900597785,3.589,263145104.610435,NA,318920700.627206,NA,64.516,50.7943099402215,147.918571428571,-0.866405723617369,NA,NA,66.099,103543,60.6497192382813,77.689,22.311,East Asia & Pacific,Lower middle income
Moldova,37.3683256692848,0.296836585427361,4778.101,41.5499992370605,72.569,89.9566,8.73372,51.9921777554739,1.256,6054849884.52656,4.81236893681573,16096738860.949,34.7,64.739,48.0078222445261,124.277091238208,-0.190345177630993,566587,37.1826750746328,68.671,3570108,100,57.318,42.682,Europe & Central Asia,Lower middle income
Monaco,NA,NA,NA,NA,NA,NA,NA,NA,NA,6476490405.74191,NA,NA,NA,NA,NA,17436,1.00005156407358,NA,NA,NA,34872,100,0,100,Europe & Central Asia,High income
Mongolia,45.0299686950158,0.629180731329528,12038.761,54.0759010314941,70.612,NA,NA,50.3421673856026,2.441,5623216448.86851,5.33904204294471,19134026839.253,NA,62.633,49.6578326143974,1.69410772676948,1.45735663282205,1051066,60.8951782274301,66.447,2631898,77.3139953613281,34.419,65.581,East Asia & Pacific,Lower middle income
Montenegro,48.566275446564,0.322631733004151,2750.25,43.9000015258789,76.755,96.58631,3.41369,50.6944980943552,1.8,4545674527.61096,6.68125404985931,8524424967.1021,30.5,72.07,49.3055019056448,45.8713011152416,0.177475866720179,NA,NA,74.43,616969,100,36.525,63.475,Europe & Central Asia,Upper middle income
Morocco,54.5230011440464,0.281131975716245,52900.142,26.5599994659424,74.832,88.85931,10.82376,50.6914444445818,2.547,92507257783.5697,11.6397468507247,188168357104.258,NA,72.194,49.3085555554181,70.6628075285682,1.19023771838308,3390518,18.899176868712,73.546,31536811,86.3921279907227,43.114,56.886,Middle East & North Africa,Lower middle income
Mozambique,95.1474788752111,0.109957299896458,2266.206,NA,53.532,84.04187,15.95813,51.8314333123427,5.515,12574681497.5762,2.21738955424435,20609873124.6946,45.6,48.955,48.1685666876573,28.3280297057402,2.74547941683883,1095226,15.9460537656953,51.292,22276596,13.5712238463743,69.168,30.832,Sub-Saharan Africa,Low income
Myanmar,54.6086017869452,0.0662395694077989,9801.891,NA,66.044,89.43049,10.56951,51.7313222474137,2.471,31862554101.9378,9.79288379953578,147976369527.033,NA,59.313,48.2686777525863,76.4256509161041,0.619115070994226,4206054,29.5505029949535,62.678,49929642,50.5132827758789,71.493,28.507,East Asia & Pacific,Lower middle income
Namibia,72.6479666024818,0.20020225145021,3325.969,49.9000015258789,55.386,NA,NA,51.7098613964496,3.601,8486721916.9128,11.4141583397365,16613044937.8446,NA,52.103,48.2901386035504,2.48198569155462,1.82132628640183,295027,36.4625650241063,53.817,2043394,42.3197860717773,60.403,39.597,Sub-Saharan Africa,Upper middle income
Nauru,NA,0.854926507104069,44.004,NA,NA,NA,NA,NA,NA,39291316.0250671,NA,51471090.9468192,NA,NA,NA,494.55,0.496631031391716,NA,NA,NA,9891,99.158561706543,0,100,East Asia & Pacific,Upper middle income
Nepal,73.0215042670492,0.0726897335165885,3421.311,79.6024017333984,68.09,NA,NA,50.2934590677373,2.751,12545438605.3959,4.88570623944908,47067320713.4433,NA,65.42,49.7065409322627,186.024248343216,1.0706964224597,890495,20.7349745683701,66.727,26666576,57.4879417419434,83.895,16.105,South Asia,Low income
Netherlands,48.512731809675,0.231882319032893,177020.758,58.3350982666016,82.3,NA,NA,50.3684941639373,1.77,947997656364.435,9.57509707073167,763407743799.947,29.3,78.3,49.6315058360627,487.132494075829,0.389292461499527,1048491,7.46529781525134,80.2512195121951,16445593,100,14.598,85.402,Europe & Central Asia,High income
New Caledonia,49.3138635846399,NA,2867.594,NA,79.6,NA,NA,49.614910659273,2.2,NA,NA,NA,NA,73.9,50.385089340727,13.2795404814004,1.45230768383707,NA,NA,76.6804878048781,242750,100,34.031,65.969,East Asia & Pacific,High income
New Zealand,50.2703228988153,0.268884766769405,34202.109,61.9644012451172,82.4,NA,NA,50.952863803938,2.19,133280382371.547,7.31387484419293,127199876032.143,NA,78.4,49.047136196062,16.1778891800539,0.848701402422591,1303663,35.4703967371859,80.3512195121951,4259800,100,13.72,86.28,East Asia & Pacific,High income
Nicaragua,63.2954644662789,0.201030507816208,4422.402,43.7000007629395,75.068,99.14097,0.85903,50.7132502246166,2.657,8496998229.39412,7.54926142770871,21998661039.2646,NA,68.724,49.2867497753834,47.095163702842,1.37469789751977,965880,30.150622004073,71.915,5667432,76.9399185180664,43.475,56.525,Latin America & Caribbean,Lower middle income
Niger,109.863290119206,0.0678479200664668,810.407,NA,56.688,NA,58.97422,50.1000497478413,7.542,5379299887.69673,6.13352502224863,11944463429.4771,NA,54.88,49.8999502521587,12.0398736875345,3.77853074008365,898283,36.2932361508967,55.764,15250908,11.7018795013428,83.771,16.229,Sub-Saharan Africa,Low income
Nigeria,87.6686993101538,0.14484588404258,96148.74,NA,50.658,58.24456,41.75544,49.4559871854872,5.902,337035512676.935,5.86445212006946,663800291154.53,NA,49.191,50.5440128145128,164.991845361617,2.64986429293929,9798673,15.6364868940994,49.913,150269623,50.3,58.298,41.702,Sub-Saharan Africa,Lower middle income
North Macedonia,43.1231004617739,0.436552061368712,9402.188,42.7210998535156,76.451,90.33859,8.97454,50.0328204443554,1.468,9909548410.82744,7.13028449619932,21537380834.9949,NA,72.253,49.9671795556446,81.9386841062228,0.0913195888312744,506558,42.8565143749588,74.324,2067313,99.2,42.825,57.175,Europe & Central Asia,Upper middle income
Northern Mariana Islands,NA,NA,NA,NA,NA,NA,NA,NA,NA,939000000,NA,NA,NA,NA,NA,118.75,-1.08154435416182,NA,NA,NA,54625,100,9.205,90.795,East Asia & Pacific,High income
Norway,51.2317161435851,0.189245410517416,55690.729,70.6010971069336,83,99.39836,0.47258,50.1788718289236,1.96,462250000000,9.13953198313065,294277831349.971,27,78.3,49.8211281710764,13.0548679895695,1.24633301535167,863994,23.0750001468905,80.5926829268293,4768212,100,21.474,78.526,Europe & Central Asia,High income
Oman,43.3456202660397,0.358442215043821,42705.882,24.8718147277832,77.625,NA,NA,41.643123336033,2.869,60905331599.4798,7.61128870374914,119143003272.589,NA,73.321,58.356876663967,8.88841033925687,3.46939016249843,679674,33.3514728057577,75.179,2750963,100,25.92,74.08,Middle East & North Africa,High income
Pakistan,74.8570836683507,0.236733918157615,159070.793,19.976900100708,65.644,59.20603,40.79397,48.4620392509868,4.118,170077814106.305,8.13811835928019,671939172206.378,NA,63.809,51.5379607490132,222.66628528435,2.26305181005178,11997925,20.2075815655042,64.685,171648986,70.3872833251953,65.41,34.59,South Asia,Lower middle income
Palau,NA,1.00698722528548,253.023,NA,NA,NA,NA,NA,NA,198024400,NA,251267338.499024,NA,NA,NA,40.6608695652174,-2.39829782309874,NA,NA,NA,18704,98.3435745239258,26.611,73.389,East Asia & Pacific,High income
Panama,56.5386486904005,0.144408013271356,7374.337,47.2799987792969,79.381,96.95272,2.28214,49.7207784303755,2.632,25155888600,16.7119647564427,51065981955.8831,52.7,73.63,50.2792215696245,47.2989507667474,1.79431171245211,1441462,63.4988222783441,76.414,3516204,87.8871002197266,35.44,64.56,Latin America & Caribbean,High income
Papua New Guinea,72.4650518641066,0.258779738816496,4796.436,NA,62.853,NA,NA,49.1349731945758,4.101,11670840924.1395,NA,18534820469.0832,NA,60.119,50.8650268054242,15.4047630614318,2.43306114313926,299095,32.8407684714568,61.442,6976201,24.870922088623,86.945,13.055,East Asia & Pacific,Lower middle income
Paraguay,63.7919230083457,0.0843857669966442,4451.738,53.8703002929688,74.318,91.73074,8.26926,49.1702426588017,2.846,24578067861.3998,11.9035558410861,52754607304.5355,50.7,70.304,50.8297573411983,15.306559275107,1.37205629681961,2448710,68.699677278082,72.251,6081296,96.677896,41.388,58.612,Latin America & Caribbean,Upper middle income
Peru,58.0953764728218,0.159837942035128,41015.395,61.3744010925293,76.254,NA,NA,50.1201110371948,2.633,120550599815.441,17.0671311140318,256606125415.366,47.5,71.427,49.8798889628052,22.31431015625,0.80592232705653,8585977,39.5262536096115,73.826,28562317,84.678343,23.948,76.052,Latin America & Caribbean,Upper middle income
Philippines,64.5222973027759,0.170315469450375,78858.835,46.9459991455078,73.515,89.86928,8.49622,49.6204422067126,3.294,174195136253.393,11.5450846875382,463016279463.548,NA,65.789,50.3795577932874,304.866234027568,1.65996179015077,11346468,27.4603305829927,69.515,90901965,83.3,54.545,45.455,East Asia & Pacific,Lower middle income
Poland,40.5249221009843,0.451008201157683,314848.62,46.6100006103516,80,93.55424,5.89512,51.6451378381911,1.39,533815789473.684,7.13919881014586,698099544956.881,33.5,71.3,48.3548621618089,124.471952334313,0.0136373796827091,1694997,7.2743720757348,75.5439024390244,38125759,100,38.884,61.116,Europe & Central Asia,High income
Portugal,49.9452662087434,0.197571227478617,55624.723,55.831298828125,81.7,NA,NA,51.9075700649495,1.39,262344779551.78,11.4089606558618,281542630016.914,36.6,75.5,48.0924299350505,115.427757734776,0.144191279853498,2783367,44.4114527188097,78.5243902439025,10558177,100,40.641,59.359,Europe & Central Asia,High income
Puerto Rico,51.839642580728,NA,NA,36.5,81.893,NA,NA,52.001424600128,1.6516,93639300000,NA,124245946680.842,NA,74.22,47.998575399872,423.998421645998,-0.58667739163101,2484146,70.3119953875325,77.9629268292683,3760866,100,6.05800000000001,93.942,Latin America & Caribbean,High income
Qatar,18.0945436969499,0.405684042843651,64843.561,NA,80.383,NA,NA,25.5545114744513,2.211,115270054945.055,7.02724669440245,159837593180.835,NA,77.656,74.4454885255487,123.74375538329,16.4758027694831,459747,32.6078121664282,78.775,1436665,100,1.861,98.139,Middle East & North Africa,High income
Romania,45.1181075545253,0.279585417238411,96365.093,46.8055992126465,76.1,96.11077,2.56733,51.3978934033097,1.6,214313628965.024,8.70011651734075,344671385052.341,36.4,69.2,48.6021065966903,89.3339495432797,-1.66638264306554,1898091,17.2529824049832,72.5658536585366,20537875,100,46.433,53.567,Europe & Central Asia,Upper middle income
Russian Federation,39.1579094361119,0.595850917034677,1714978.893,62.2299995422363,74.28,95.41766,1.8364,53.5773230127137,1.502,1660846387624.78,4.18061013494502,2878201315078.6,41.6,61.92,46.4226769872863,8.71609471162683,-0.0439422615372963,11172069,10.6344431322811,67.9492682926829,142742350,100,26.402,73.598,Europe & Central Asia,Upper middle income
Rwanda,79.9998903884049,0.0454393927057903,542.716,NA,62.107,NA,NA,51.0192521795297,4.767,4924731465.94296,NA,11943733568.6672,NA,59.04,48.9807478204703,386.077584110255,2.66824125914156,742597,46.0660398368017,60.612,9524534,6,83.075,16.925,Sub-Saharan Africa,Low income
Samoa,77.2455147734417,0.175741599398514,179.683,NA,73.605,NA,NA,48.3330605118132,4.426,619260721.579306,NA,1022427248.95514,42,68.95,51.6669394881868,64.7572438162544,0.666287719317795,NA,NA,71.158,183263,93.3966751098633,79.476,20.524,East Asia & Pacific,Upper middle income
San Marino,NA,NA,NA,NA,NA,NA,NA,NA,NA,2752307016.25897,NA,2656596646.01238,NA,NA,NA,507.233333333333,1.22652247536215,NA,NA,NA,30434,100,4.736,95.264,Europe & Central Asia,High income
Sao Tome and Principe,87.6336363337317,0.207717944691276,84.341,NA,68.595,91.18216,8.81784,50.1852479517537,4.825,188021168.841818,NA,406036176.245405,NA,64.192,49.8147520482463,178.25,2.85716785752681,NA,NA,66.412,171120,58.1547393798828,37.32,62.68,NA,NA
Saudi Arabia,51.9101652757213,0.369703771794952,430175.77,17.7900009155273,75.204,NA,NA,43.9246021453126,3.158,519796800000,7.43303597135333,1163568788902.12,NA,72.282,56.0753978546874,12.0429182812406,2.75678608896131,4867609,23.0280538572368,73.598,25888541,100,18.351,81.649,Middle East & North Africa,High income
Senegal,87.884754677907,0.159253949583572,5093.463,NA,64.322,72.31399,27.68601,51.2602064191525,5.094,16949789464.5284,10.2037041112997,31983275851.6743,NA,61.342,48.7397935808475,62.35236586506,2.68143649337825,2305582,44.7194432370333,62.88,12004701,49.5152931213379,57.053,42.947,Sub-Saharan Africa,Lower middle income
Serbia,47.7903298580532,0.561094240895732,52097.069,43.388500213623,76.6,98.39666,1.60334,51.0186140226852,1.4,52194221468.5007,5.5162304577304,92849053158.7566,NA,71.3,48.9813859773148,84.0409558655385,-0.425705551624613,1322952,32.9950572957637,73.8853658536585,7350222,100,45.45,54.55,Europe & Central Asia,Upper middle income
Seychelles,45.1613441730798,0.413387447411363,693.063,NA,78.9,NA,NA,48.9939192924268,2.33,967199593.960157,NA,1676545827.26198,NA,67.7,51.0060807075733,189.034782608696,2.23628271543202,NA,NA,73.1634146341463,86956,96.5838394165039,47.381,52.619,Sub-Saharan Africa,High income
Sierra Leone,87.2192178589514,0.0968775230183717,663.727,NA,48.318,NA,NA,50.2673063563497,5.487,2505458705.03338,NA,6851197050.87972,NA,46.664,49.7326936436503,84.976489332225,2.37522009025499,855330,36.6231183836211,47.508,6133603,12.1,61.923,38.077,Sub-Saharan Africa,Low income
Singapore,29.2415963115613,0.116249229926085,36134.618,55.6100006103516,83.3,NA,NA,48.4730757714398,1.28,193611986712.842,12.6087406301372,310837482734.083,NA,78.4,51.5269242285602,6913.42285714286,5.32151708302623,4851109,100,80.790243902439,4839396,100,0,100,East Asia & Pacific,High income
Sint Maarten (Dutch part),NA,NA,NA,NA,77.2,NA,NA,NA,1.7,NA,NA,NA,NA,72,NA,998.941176470588,0.451494680650392,NA,NA,74.5365853658537,33964,NA,0,100,Latin America & Caribbean,High income
Slovak Republic,38.5969821228201,0.295481775226302,37711.428,51.0008010864258,78.7,88.19401,2.56454,51.5153642226619,1.34,100469509301.304,6.96652868610164,127626916993.841,26,70.9,48.4846357773381,111.834365904366,0.0857552995195914,418794,14.1267356349988,74.7048780487805,5379233,100,44.889,55.111,Europe & Central Asia,High income
Slovenia,43.0148419264434,0.29004042493275,17355.911,53.5393981933594,82.3,99.27583,0.72417,50.7086086397314,1.53,55552508715.3948,7.71623915353699,59839627541.6582,23.7,75.4,49.2913913602686,100.332370615751,0.158140843634363,NA,NA,78.7658536585366,2021316,100,47.791,52.209,Europe & Central Asia,High income
Solomon Islands,78.9317275357785,0.200490938471016,187.017,NA,71.881,NA,NA,49.1147594394536,4.403,608229326.656255,NA,932795274.570655,NA,68.491,50.8852405605464,17.9835655591283,2.2558646678724,NA,NA,70.063,503360,26.8637542724609,80.862,19.138,East Asia & Pacific,Lower middle income
Somalia,103.979914117586,NA,601.388,NA,54.947,NA,NA,50.0166356824157,7.055,NA,NA,NA,NA,51.793,49.9833643175843,18.1674817483342,2.82140564694311,1178934,28.724775177676,53.326,11397188,17.6371097564697,63.989,36.011,Sub-Saharan Africa,Low income
South Africa,53.2064468037435,0.855295404739272,496772.157,47.9541015625,57.995,NA,NA,50.6772148969358,2.611,286769839732.726,3.95499731065438,580819392045.531,63,52.853,49.3227851030642,41.0352661385388,1.33412926501881,3986966,13.0968659297189,55.36,49779471,81.9,38.846,61.154,Sub-Saharan Africa,Upper middle income
South Sudan,89.535843285282,NA,NA,71.5800018310547,54.722,NA,NA,50.0484723928262,5.552,14586253365.7704,NA,27667638183.7126,NA,52.494,49.9515276071738,NA,4.94820702079747,232239,15.141709643558,53.6,8736939,NA,82.445,17.555,Sub-Saharan Africa,Low income
Spain,45.949476266051,0.215418721310288,329285.599,50.3508987426758,84.3,NA,NA,50.5618345565723,1.45,1625224842536.99,10.9912600352113,1528583945708.69,34.2,78.2,49.4381654434277,92.1293223736969,1.59533049906372,5622392,15.6904660469095,81.1756097560976,45954106,100,22.024,77.976,Europe & Central Asia,High income
Sri Lanka,48.3969199000548,0.0824671990043473,12207.443,34.2599983215332,78.719,94.98211,5.01789,51.0632214277193,2.269,40713812309.7316,16.2407733163977,148027860135.719,NA,71.711,48.9367785722807,318.673002710891,0.712803199874156,589820,16.1662019977656,75.157,19983984,82.1742706298828,81.743,18.257,South Asia,Upper middle income
St. Kitts and Nevis,NA,0.175596163458037,216.353,NA,NA,94.32479,5.67521,NA,NA,793368444.444444,NA,1232105506.97312,NA,NA,NA,185.326923076923,0.848248679988805,NA,NA,NA,48185,97.060905456543,68.397,31.603,Latin America & Caribbean,High income
St. Lucia,48.7319236792147,0.200571670329377,396.036,52.4099998474121,76.074,NA,NA,50.856709271753,1.574,1286720333.33333,NA,1974536081.5395,NA,73.121,49.143290728247,278.706557377049,1.40502829636457,NA,NA,74.571,170011,93.1881942749023,79.869,20.131,Latin America & Caribbean,Upper middle income
St. Martin (French part),NA,NA,NA,NA,81.7,NA,NA,NA,1.82,NA,NA,NA,NA,75.2,NA,678.033088235294,2.04876931324117,NA,NA,78.3707317073171,36885,NA,NA,NA,Latin America & Caribbean,High income
St. Vincent and the Grenadines,53.2078191917907,0.206531301558404,227.354,NA,74.164,NA,NA,49.2495456683979,2.112,695428851.85185206,NA,1100821029.47338,NA,69.34,50.7504543316021,277.930769230769,-0.115254656367927,NA,NA,71.643,108393,90.206184387207,51.82,48.18,Latin America & Caribbean,Upper middle income
Sudan,86.8808710395231,0.110797912139554,14913.689,31.3999996185303,63.734,NA,NA,50.0331026031882,4.977,54526580231.5568,8.51413506246485,134602617612.646,NA,60.082,49.9668973968118,NA,2.14071273121231,4293492,39.4502879044834,61.879,33060837,34.8556671142578,67.081,32.919,Sub-Saharan Africa,Lower middle income
Suriname,56.8431971417046,0.293058780287362,1943.51,NA,73.297,90.07385,9.8064,49.6024149040265,2.659,3532969034.60838,11.0464431816226,6631809489.18941,NA,66.77,50.3975850959735,3.31489102564103,1.15570223137753,NA,NA,69.91,517123,92.1205062866211,33.521,66.479,Latin America & Caribbean,Upper middle income
Sweden,52.8332704238936,0.12694528552497,49123.132,59.8028984069824,83.2,98.11789,1.68728,50.2800702392363,1.91,515413663880.081,7.80147418388507,386963027392.913,28.1,79.1,49.7199297607637,22.4682872739679,0.779033290770134,1310908,16.7779601739297,81.1,9219637,100,15.254,84.746,Europe & Central Asia,High income
Switzerland,46.7602469315385,0.100467277181381,40403.006,61.2946014404297,84.4,NA,NA,50.8841471653689,1.48,554363401347.983,15.0251049497119,402150900606.745,33.8,79.7,49.1158528346311,193.533627163739,1.27061807385776,1230437,21.8731756606375,81.9926829268293,7647675,100,26.444,73.556,Europe & Central Asia,High income
Syrian Arab Republic,71.392316157528,NA,67681.819,14.7200002670288,77.034,NA,NA,49.3017942234618,3.613,NA,NA,NA,NA,70.717,50.6982057765382,112.524711391854,3.87685243291654,2879589,25.3945648403869,73.647,20664038,91.1340560913086,45.125,54.875,Middle East & North Africa,Low income
Tajikistan,66.3736830737479,0.207803147744989,2904.264,NA,70.27,NA,NA,49.603685142867,3.594,5161337336.40365,5.69560950223037,13976034682.4199,NA,65.777,50.396314857133,51.5142183480995,2.06357923535567,687382,35.9549844778571,67.911,7209930,98.7111129760742,73.484,26.516,Europe & Central Asia,Low income
Tanzania,90.0168256869097,0.0745745891678167,6142.225,NA,58.325,99.01626,0.98374,50.1589432049701,5.542,27941177434.5087,4.30774520406031,82363511063.7758,NA,55.189,49.8410567950299,47.2498803341612,2.84147041615063,3460900,30.8821099167185,56.777,41853944,11.5,73.224,26.776,Sub-Saharan Africa,Low income
Thailand,39.6175450805542,0.309455538605076,252443.614,65.75,76.815,97.21583,2.78417,50.9236764586964,1.549,291383081231.82,7.54630685486937,815766992369.672,40.3,69.978,49.0763235413036,130.225653271741,0.525822895794406,7855078,28.6277254745377,73.341,66530984,95.5023803710938,58.758,41.242,East Asia & Pacific,Upper middle income
Timor-Leste,90.4096194264787,0.019790751195337,201.685,NA,67.822,82.28489,17.71511,49.4693148182538,5.223,4391368100,NA,10190871382.7659,NA,64.769,50.5306851817462,70.9772024209818,1.82037636591045,NA,NA,66.276,1055431,42.9043617248535,72.952,27.048,East Asia & Pacific,Lower middle income
Togo,83.8140581607596,0.245929248168085,1683.153,NA,56.84,85.89702,14.10298,50.4405501053109,5.001,3310277926.58997,2.67176673591255,6844053777.81505,NA,55.493,49.5594498946891,111.848133848134,2.71699488850907,1403899,63.0755779760538,56.178,6083420,31.7673511505127,63.413,36.587,Sub-Saharan Africa,Low income
Tonga,77.5264884172205,0.257080110379526,121.011,NA,71.82,NA,NA,49.8732879362377,4.012,349484427.609428,NA,470713194.503271,NA,68.008,50.1267120637623,143.581944444444,0.774911626763826,NA,NA,69.921,103379,90.7494812011719,76.719,23.281,East Asia & Pacific,Upper middle income
Trinidad and Tobago,40.3921966537252,1.09902881206858,44385.368,52.5499992370605,74.285,97.76057,2.23943,50.4469173014701,1.799,27871587349.5413,2.17487313162963,40385991261.1923,NA,68.742,49.55308269853,256.226705653021,0.456900692440584,546555,76.4323861705564,71.464,1314443,100,45.598,54.402,Latin America & Caribbean,High income
Tunisia,45.7296984609322,0.248156080247406,24825.59,24.7313003540039,77.212,98.98088,1.01912,50.0570986876376,2.054,44856586316.0458,10.6121878417381,100040224584.662,NA,72.433,49.9429013123624,67.0341979917611,1.05900075659939,1950485,28.336847439371,74.72,10414433,99.4,33.907,66.093,Middle East & North Africa,Lower middle income
Turkey,52.7608292643487,0.251201430556919,283979.814,24.0179004669189,77.111,96.59313,3.40687,50.8159504762747,2.189,764335657637.62,11.4524780301652,1130486452128.92,39,70.255,49.1840495237253,91.4966984135234,1.19537608895098,11690655,23.8354895325248,73.649,70418604,NA,30.349,69.651,Europe & Central Asia,Upper middle income
Turkmenistan,53.2582738068438,1.35475481721768,56831.166,NA,69.714,NA,NA,50.8143114593179,2.712,19271523178.8079,1.85267696741803,41949410533.7206,NA,62.436,49.1856885406822,10.5031962207137,1.33851918275453,636140,26.9248171441172,66.031,4935767,99.6085891723633,52.132,47.868,Europe & Central Asia,Upper middle income
Turks and Caicos Islands,NA,NA,179.683,NA,NA,NA,NA,NA,NA,862683630,NA,NA,NA,NA,NA,32.8442105263158,2.65331297377391,NA,NA,NA,31202,97.0161895751953,10.706,89.294,Latin America & Caribbean,High income
Tuvalu,NA,0.338381182806088,11.001,NA,NA,NA,NA,NA,NA,30290770.2575339,NA,32510673.0485785,NA,NA,NA,343.8,0.905776828182802,NA,NA,NA,10314,96.4104080200195,47.235,52.765,East Asia & Pacific,Upper middle income
Uganda,105.386418948195,0.0728584361772676,3190.29,NA,56.74,NA,NA,50.8548872042586,6.333,14239026629.639,NA,43787516825.6136,NA,53.125,49.1451127957414,152.30336819979,3.15589738173409,1827000,32.6566653022484,54.984,30431736,13.3180303573608,81.616,18.384,Sub-Saharan Africa,Low income
Ukraine,42.8468905845352,0.798182475997535,311023.939,57.5463981628418,74.28,88.00906,11.99094,53.7757176007674,1.458,179816790704.739,2.89408503357671,389665206081.223,26.6,62.51,46.2242823992326,79.8491334668232,-0.541462210878232,2752093,8.70752515786998,68.2514634146342,46258200,100,31.675,68.325,Europe & Central Asia,Lower middle income
United Arab Emirates,17.6331786071323,0.333058156256803,157354.637,41.8199996948242,77.394,NA,NA,25.7194950381452,1.939,315474615738.598,7.96465607704866,472453936479.107,NA,75.223,74.2805049618548,99.8238101943115,13.9102492947307,1599922,27.0636030753195,75.957,7089487,100,16.613,83.387,Middle East & North Africa,High income
United Kingdom,51.2666092375454,0.229797592265149,520688.331,55.9706993103027,81.7,98.83274,1.10783,50.934982836458,1.91,2922667279411.76,10.9043441444494,2265856338473.77,34.1,77.6,49.065017163542,255.474703426611,0.787032622318939,7791713,15.6104398661884,79.6,61806995,100,19.243,80.757,Europe & Central Asia,High income
United States,49.5214275340227,0.381578909009527,5614110.994,59.4711990356445,80.6,99.53117,NA,50.6307101023585,2.072,14712844084000,6.46127525865819,14712844084000,NA,75.6,49.3692898976415,33.2436868537795,0.945865287282592,18253594,7.46241368361893,78.0390243902439,304093966,100,19.562,80.438,North America,High income
Uruguay,57.8517794247676,0.167689924859718,8265.418,54.7403984069824,80.077,99.53363,0.46637,51.8038477094779,2.03,30366213118.4076,11.8680822748444,49289890295.523,45.1,72.63,48.1961522905221,19.0847960233116,0.253958112920981,1640593,52.2524947121435,76.437,3340221,98.784355,6.002,93.998,Latin America & Caribbean,High income
Uzbekistan,53.728883167783,1.00090510327613,123900.596,NA,72.224,93.30616,6.69384,50.2935771375092,2.637,29549438883.8338,2.48663679909696,123788554573.708,NA,66.243,49.7064228624908,64.1814762576399,1.60532736295221,2192700,16.0656229445846,69.193,27302800,99.5791778564453,50.011,49.989,Europe & Central Asia,Lower middle income
Vanuatu,72.7575363845344,0.149547026871729,95.342,NA,70.44,NA,NA,49.1441922563418,4.18,607958616.143415,NA,637538585.650238,NA,67.386,50.8558077436582,18.4334700574241,2.35593188099158,NA,NA,68.824,224704,33.9037551879883,76.015,23.985,East Asia & Pacific,Lower middle income
"Venezuela, RB",55.9464422625328,0.370089055022515,179114.615,49.6226005554199,77.066,92.45777,5.45896,50.0426167814699,2.53,315953388510.678,7.45885745813221,483977065977.007,NA,69.326,49.9573832185301,31.3313667025679,1.41473807399139,2893692,11.8944435403687,73.071,27635832,98.7502059936523,11.969,88.031,Latin America & Caribbean,Upper middle income
Vietnam,45.583956189066,0.353155936272531,117993.059,NA,78.721,NA,NA,50.3491396631006,1.918,99130304099.1274,6.86974135972211,334110365651.463,35.6,70.46,49.6508603368994,278.141751862483,0.959820468453461,5778704,23.0034965593103,74.625,86243413,95.1554641723633,70.872,29.128,East Asia & Pacific,Lower middle income
Virgin Islands (U.S.),50.3349282296651,NA,NA,NA,80.9,NA,NA,51.9470178824014,2.44,4250000000,NA,NA,NA,73.8,48.0529821175986,309.711428571429,0.0553663884807677,NA,NA,77.2634146341463,108399,100,5.761,94.239,Latin America & Caribbean,High income
West Bank and Gaza,85.9229253441175,0.164945129761826,2053.52,14.5155000686646,74.25,86.22457,13.09072,49.2455970038572,4.567,6673500000,NA,12449715871.9703,NA,70.86,50.7544029961428,596.673920265781,2.75135880229092,505091,19.0785331137998,72.517,3591977,99.4347839355469,26.296,73.704,Middle East & North Africa,Lower middle income
"Yemen, Rep.",87.3160852294483,0.245971858789712,22339.364,10.1999998092651,66.544,69.71042,30.28958,49.5975749114443,4.94,26910851361.7555,12.4798330924393,90820812225.9162,NA,63.306,50.4024250885557,41.4647536791863,2.82420987820584,1939590,28.9354745734696,64.892,21892146,61.4953765869141,69.381,30.619,Middle East & North Africa,Low income
Zambia,97.758835906031507,0.0599216659613108,2170.864,NA,54.753,NA,NA,50.6204405779929,5.574,17910858637.9048,4.67424056433873,36228365236.0675,NA,50.458,49.3795594220071,17.2837003457136,2.72641515968192,1566144,31.7669244229691,52.606,12848530,24.3925724029541,61.629,38.371,Sub-Saharan Africa,Lower middle income
Zimbabwe,79.906227365577,0.442804271155601,7770.373,NA,48.14,NA,NA,52.3209036707545,3.931,4415702800,1.95709172714565,17548098575.7464,NA,44.81,47.6790963292455,32.0009021584594,1.00365881192894,1464611,35.2529511427999,46.504,12379549,36.3750038146973,66.44,33.56,Sub-Saharan Africa,Lower middle income
